group,start,end,n
FALSE,11.5,18.5,2.9718826420024948e-5
FALSE,14.5,8.5,3.201655132181951e-5
FALSE,18.5,1.5,3.20674515178739e-5
FALSE,9,23,3.321322775301744e-5
FALSE,11.5,21.5,3.6578127298391766e-5
FALSE,8.5,18.5,3.7135971977820925e-5
FALSE,21.5,12.5,3.771886420539636e-5
FALSE,22,20,3.846170291899157e-5
TRUE,4.5,18,3.957298906061369e-5
FALSE,18.5,11.5,4.264881805077703e-5
FALSE,13,7.5,4.419371503822757e-5
FALSE,17.5,8.5,4.516901885342796e-5
FALSE,13.5,19.5,4.5801797447728054e-5
FALSE,22.5,19.5,4.617497609659784e-5
TRUE,14.5,5,4.658796099431962e-5
FALSE,0,21,4.737913697372996e-5
FALSE,18,11,4.750052812671029e-5
FALSE,20.5,24,5.103572118096958e-5
FALSE,5,15.5,5.1912862462244336e-5
FALSE,1,22,5.2752551695338474e-5
FALSE,22,14.5,5.27942379718962e-5
FALSE,8.5,0.5,5.3073398859688365e-5
TRUE,16.5,22.5,5.3468925237517126e-5
FALSE,14,9.5,5.3869582887133195e-5
FALSE,11.5,19.5,5.5866439026075494e-5
FALSE,16,9.5,5.9136754258687935e-5
FALSE,15.5,7,6.030921806001113e-5
FALSE,23.5,18.5,6.138617317477182e-5
FALSE,5,17.5,6.347734525988871e-5
FALSE,15.5,3,6.429702627297552e-5
FALSE,19.5,12,6.592744274623978e-5
FALSE,9.5,16.5,6.612484128044017e-5
TRUE,13.5,8,6.638601935296447e-5
FALSE,16,11,6.667227929998475e-5
TRUE,9.5,16.5,6.677762856929914e-5
FALSE,3,14.5,6.803760922203427e-5
TRUE,6,17,6.863451471803845e-5
FALSE,9,8,6.956166307120594e-5
FALSE,16.5,1,7.04372239714667e-5
TRUE,16.5,7.5,7.047718644459507e-5
FALSE,6,18,7.075866750601056e-5
TRUE,18,0.5,7.128381908462631e-5
FALSE,5.5,19.5,7.175090823471938e-5
FALSE,19.5,18.5,7.208651556136975e-5
FALSE,16,6.5,7.244970500949073e-5
TRUE,4.5,19.5,7.253252402494262e-5
TRUE,18.5,1.5,7.300385465842066e-5
FALSE,12.5,4,7.535864972307376e-5
TRUE,14.5,7,7.594535777575473e-5
FALSE,0,19,7.639633386056226e-5
FALSE,22,16,7.681483664417291e-5
FALSE,7.5,18,7.711135190460928e-5
FALSE,23,20.5,7.802883762950537e-5
TRUE,18,24,7.809501577661208e-5
FALSE,3.5,15,7.924391208118693e-5
FALSE,17.5,6.5,8.092716695363593e-5
FALSE,20,18.5,8.199511687846785e-5
FALSE,13.5,5,8.284867171857153e-5
TRUE,10.5,6,8.423722972910908e-5
FALSE,2,17.5,8.439953240796166e-5
FALSE,12.5,12,8.476680699191125e-5
FALSE,22,17.5,8.499903354543884e-5
FALSE,16.5,22.5,8.713254791432682e-5
FALSE,12.5,5,8.799343810781619e-5
FALSE,18,12,8.80514351091787e-5
FALSE,13,20.5,8.902166977773044e-5
FALSE,2,0,8.904713478501247e-5
FALSE,14.5,5.5,8.912355962536831e-5
FALSE,14,22.5,8.93442464156428e-5
FALSE,4,18.5,8.959677937427471e-5
TRUE,5,20,8.99650763081641e-5
TRUE,2,15,9.088897604600056e-5
FALSE,14,12,9.112968932082667e-5
FALSE,22,19.5,9.155063722223256e-5
FALSE,22,21,9.26864838936467e-5
TRUE,3,15,9.275540131625768e-5
FALSE,24,20.5,9.277555178211446e-5
TRUE,12,6.5,9.394353094973396e-5
FALSE,13,5,9.418083850715921e-5
TRUE,18.5,2.5,9.47978290341242e-5
FALSE,3.5,14,9.560282359763482e-5
FALSE,23.5,16,9.636906984134291e-5
TRUE,1.5,15,9.982189204696735e-5
FALSE,11.5,6,1.0015205471119212e-4
FALSE,2.5,15,1.0154380383283402e-4
TRUE,15,6.5,1.0157822152737455e-4
FALSE,3.5,17.5,1.0243540709131228e-4
TRUE,7.5,12.5,1.0273030610088626e-4
TRUE,11.5,22,1.0645388144814603e-4
FALSE,12,7,1.0775001971179643e-4
TRUE,10,18.5,1.0787479580988718e-4
FALSE,23,16.5,1.0806907776556447e-4
TRUE,1,21.5,1.0839511152904091e-4
FALSE,15.5,11,1.0939862547597644e-4
FALSE,4.5,15,1.1099659941068933e-4
FALSE,12.5,18.5,1.1100649915590903e-4
FALSE,13.5,22,1.1164878985480278e-4
FALSE,10.5,1,1.121752952805394e-4
FALSE,14,3,1.1218516520724942e-4
FALSE,9,17.5,1.124769095061341e-4
FALSE,12,0,1.1271697832771228e-4
FALSE,13.5,20.5,1.1291261756984049e-4
TRUE,17.5,0,1.1327627623930487e-4
FALSE,14,5,1.1365381626540231e-4
TRUE,14.5,4,1.1460670091075842e-4
FALSE,20,13,1.1778317294390286e-4
TRUE,7,4,1.1850341319876848e-4
FALSE,15.5,5,1.1872308218809178e-4
TRUE,7,19,1.189710186733297e-4
TRUE,19,13,1.2033447208173819e-4
FALSE,0.5,18,1.2052564091784225e-4
TRUE,12,7.5,1.214029290998091e-4
TRUE,23,19.5,1.219187957425237e-4
FALSE,12.5,22.5,1.2316085171239818e-4
TRUE,16,9,1.263299419198188e-4
TRUE,2,14.5,1.2642925435490945e-4
FALSE,15.5,8,1.2928274084593482e-4
TRUE,5,12.5,1.294288367717931e-4
FALSE,9,6.5,1.294308792021142e-4
TRUE,14,2,1.304255807103111e-4
TRUE,14,5,1.3078135600929188e-4
TRUE,8,22,1.3084575450554657e-4
FALSE,11,4,1.3198313490269043e-4
TRUE,11.5,7,1.3304548346836304e-4
FALSE,2,15,1.338805164932804e-4
TRUE,2.5,18,1.3752185763074045e-4
TRUE,6.5,18.5,1.3792189746988692e-4
TRUE,19.5,10.5,1.4076696874060449e-4
TRUE,12,4.5,1.4320430854850117e-4
TRUE,17,1,1.4443979445322798e-4
TRUE,12,0,1.4562053409533077e-4
FALSE,17,11.5,1.4567141123506124e-4
TRUE,13.5,8.5,1.4683724338932286e-4
FALSE,22,18,1.4692665121930596e-4
TRUE,10.5,4,1.4801655027799608e-4
FALSE,9.5,21,0.00014863370126249391
FALSE,14,7,1.489301270674012e-4
FALSE,11.5,2,1.4898424766250295e-4
TRUE,16.5,8.5,1.4909722340425584e-4
FALSE,23,14.5,1.4939434162637878e-4
FALSE,18,10.5,1.49861359125268e-4
FALSE,5,17,1.5008010771241215e-4
TRUE,10.5,9,1.5014916605384928e-4
FALSE,11.5,20,1.5018912418386781e-4
TRUE,8.5,20,1.5128526411541015e-4
FALSE,3,17.5,1.5189411674988663e-4
TRUE,13.5,9,1.5196348434411578e-4
FALSE,22,16.5,1.5278387126076363e-4
FALSE,15,23,1.5309127027723975e-4
TRUE,21,18.5,1.5331660684621645e-4
TRUE,10.5,17.5,1.5469966635418727e-4
FALSE,10.5,8,1.548038367447218e-4
FALSE,7,21,1.55747473302623e-4
FALSE,14.5,4,1.562421325600022e-4
TRUE,19.5,1.5,1.576126803006958e-4
FALSE,8.5,21,1.5902673408814484e-4
FALSE,16,5.5,1.5997075828667206e-4
TRUE,5,19,1.6135940592705415e-4
TRUE,22.5,19.5,1.6193891698527103e-4
FALSE,13,6,1.6258268082515386e-4
TRUE,12,8,1.6267753908224362e-4
FALSE,5.5,15.5,1.6399509417401646e-4
FALSE,21,15,1.6562950632758021e-4
TRUE,10,21.5,1.660702237953517e-4
TRUE,23,18,1.6645653936480455e-4
TRUE,16,22.5,1.6655034701040268e-4
FALSE,18.5,13,1.666628965996722e-4
TRUE,20,15,1.679334065183735e-4
FALSE,22.5,13.5,1.6799023774036653e-4
FALSE,10.5,19,1.6799638035336432e-4
TRUE,24,19.5,1.6832982676990847e-4
TRUE,12.5,1,1.6835523929126424e-4
TRUE,23,17.5,1.695830335723166e-4
FALSE,16,1,1.6985851646549128e-4
FALSE,13,7,1.6986456962295998e-4
TRUE,9.5,21,1.7071920704195273e-4
FALSE,9.5,19.5,1.714906922308277e-4
TRUE,7,23,1.7151167050464644e-4
TRUE,16.5,4.5,1.7395232826785369e-4
FALSE,7.5,21.5,1.7402288007437722e-4
FALSE,10.5,6,1.740984401779518e-4
TRUE,12.5,7,1.7411656705572566e-4
FALSE,15,6,1.7449955877040858e-4
FALSE,16.5,9,1.7523145409094465e-4
FALSE,21,14,1.7549546717581023e-4
FALSE,11,19.5,1.7617303317167665e-4
FALSE,8.5,7,1.763771408705591e-4
FALSE,5.5,16,1.7638775626001155e-4
TRUE,2.5,19.5,1.7712512303356287e-4
FALSE,23.5,19.5,1.7759191713714368e-4
FALSE,10,23,1.779280910154783e-4
TRUE,17,2,1.7856104360227672e-4
FALSE,11,20.5,1.7981163681756842e-4
FALSE,10.5,21,1.813233756222348e-4
TRUE,15,4.5,1.815463738929401e-4
TRUE,11,18.5,1.829883271076731e-4
TRUE,15.5,22,1.8308944933656952e-4
TRUE,15,3,1.831782046411266e-4
FALSE,1.5,14,1.8345372922909484e-4
TRUE,10,16.5,1.8438186833810225e-4
FALSE,17,23.5,1.8518901740096675e-4
FALSE,19.5,16.5,1.8995356797305292e-4
TRUE,12,19.5,1.902452986364382e-4
TRUE,8.5,18,1.9053848523297e-4
TRUE,18.5,3.5,1.9088656890827634e-4
TRUE,10.5,7,1.9088732298902874e-4
FALSE,13,8,1.9097106497947589e-4
TRUE,11.5,19.5,1.9147746658585444e-4
FALSE,15.5,4.5,1.9273310035454688e-4
FALSE,7.5,20.5,1.9354452164044737e-4
FALSE,14.5,3,1.9483617002503324e-4
FALSE,17.5,0.5,1.9579534202648707e-4
TRUE,15,9.5,1.96310370127965e-4
FALSE,13,22.5,1.9682813592838508e-4
FALSE,18.5,9.5,1.9716669528749555e-4
FALSE,1,16,1.9754556927171766e-4
TRUE,12,23,1.9885147144739149e-4
FALSE,7,17.5,2.0008941615255906e-4
FALSE,14.5,2,2.01179670322645e-4
TRUE,3.5,16,2.0124220906479002e-4
FALSE,18,23.5,2.0141177760213383e-4
FALSE,18,24,2.017778594456955e-4
TRUE,11,21,2.0180045504578932e-4
FALSE,15,21.5,2.0226238040977742e-4
TRUE,12,6,2.0355422065163837e-4
FALSE,15.5,22.5,2.0610440592882856e-4
FALSE,18,16.5,2.077855735055987e-4
FALSE,21,20.5,2.0909207150801416e-4
TRUE,22,14,2.106242555618843e-4
TRUE,0.5,18.5,2.1063111769673113e-4
FALSE,12.5,22,2.1077422309560435e-4
TRUE,1.5,16,2.1257423297950699e-4
TRUE,16.5,1,2.1260341590462474e-4
TRUE,23.5,18.5,2.128713407959513e-4
FALSE,18.5,23.5,2.1324438843898214e-4
FALSE,1.5,13.5,2.137818074392682e-4
TRUE,13,23.5,2.138032337897632e-4
TRUE,6.5,13,2.139391945494203e-4
FALSE,15.5,2,2.151041987073527e-4
TRUE,24,13,2.1536289900994532e-4
TRUE,21.5,14,2.1620467935384578e-4
FALSE,14.5,23,2.165186993518941e-4
FALSE,16,8,2.1658519462852054e-4
TRUE,8,19,2.1689571895534214e-4
TRUE,15.5,2,2.1771163432943538e-4
FALSE,4.5,19,2.178884722318886e-4
TRUE,8.5,15.5,2.183544881708536e-4
TRUE,22.5,16,2.191468008173968e-4
FALSE,8.5,19,2.192484646407022e-4
FALSE,11,22.5,2.2125915656814432e-4
TRUE,22,20.5,2.2140874144228602e-4
FALSE,15.5,12,2.2162222674222652e-4
TRUE,7.5,18,2.2165856839555505e-4
TRUE,22.5,13.5,2.2169423641514344e-4
TRUE,7.5,14.5,2.2284730129363325e-4
TRUE,15,2,2.2457851988498564e-4
TRUE,10,20,2.248713294411413e-4
FALSE,19.5,10.5,2.2683736481435833e-4
TRUE,17.5,11.5,2.2763797631360962e-4
FALSE,16.5,2,2.2871327707796576e-4
FALSE,18,0.5,2.2886526202189618e-4
TRUE,9,21.5,2.2938389947963373e-4
FALSE,21.5,18.5,2.2973330865771305e-4
TRUE,14,11,2.3004017595844458e-4
TRUE,18,2.5,2.3134933555268058e-4
FALSE,15,6.5,2.3173401138440643e-4
TRUE,8,18.5,2.320291393509662e-4
TRUE,22,16,2.3215507083661644e-4
FALSE,0.5,17,2.3240146890548521e-4
FALSE,7,20.5,2.3259803252141407e-4
TRUE,17.5,10,2.3265065270709154e-4
FALSE,17,1.5,2.3302512303581774e-4
TRUE,17.5,3,2.330496368331847e-4
FALSE,7,20,2.3379420203794711e-4
FALSE,19,14,2.3379974828075095e-4
FALSE,20.5,17,2.3564515620893737e-4
TRUE,16.5,12.5,2.3595495915601877e-4
TRUE,21,18,2.361198766165679e-4
TRUE,17,10.5,2.3675941250267556e-4
TRUE,15,14,2.370034330341512e-4
FALSE,21.5,19.5,2.3823581815000453e-4
TRUE,14,7.5,2.4096084882272917e-4
TRUE,1.5,17,2.4124800277324182e-4
TRUE,16.5,9.5,2.416545277068589e-4
FALSE,10,22,2.4185492049055385e-4
FALSE,11,21,2.4209269328688524e-4
FALSE,16,3,2.4257575314399197e-4
FALSE,7,19.5,2.451058835103723e-4
FALSE,22.5,14.5,2.4582000699912844e-4
TRUE,21,14.5,2.467014393664997e-4
FALSE,21.5,18,2.477650385682157e-4
FALSE,13,22,2.521162747773786e-4
FALSE,16.5,0.5,2.5231078091613834e-4
FALSE,1.5,14.5,2.523173409882719e-4
FALSE,19.5,19,2.5456675990435576e-4
TRUE,17.5,1.5,2.5616749045941095e-4
TRUE,16,2.5,2.5638873775216413e-4
TRUE,19,12,2.570550435049819e-4
FALSE,15.5,6,2.570910160243256e-4
FALSE,2,18,2.5834601746049275e-4
FALSE,23.5,14.5,2.5875605178734916e-4
TRUE,0,15,2.596839952320626e-4
FALSE,14.5,5,2.6035808103938097e-4
FALSE,16.5,3.5,2.610776911339215e-4
FALSE,10.5,21.5,2.6365994425525387e-4
FALSE,16.5,5.5,2.6821824019575936e-4
TRUE,17.5,5.5,2.6872791191978216e-4
FALSE,23,19.5,2.7060321405693007e-4
FALSE,13,4,2.7217536516224456e-4
TRUE,13.5,7,2.7337493455642693e-4
TRUE,11.5,8.5,2.733755378210289e-4
TRUE,11,19.5,2.7410005860793165e-4
TRUE,0.5,23,2.746291970718884e-4
TRUE,19.5,0.5,2.762051504363223e-4
FALSE,16.5,6.5,2.7732078755870256e-4
TRUE,2.5,17,2.785486071905456e-4
FALSE,20,19,2.853999338503026e-4
FALSE,9.5,17.5,2.862911494681548e-4
FALSE,14,2,2.873248379253438e-4
TRUE,4,13.5,2.8829593040410087e-4
FALSE,17,11,2.931272217274669e-4
TRUE,1.5,19.5,2.9341176504451075e-4
FALSE,17,9.5,2.952766591805336e-4
FALSE,14,20.5,2.963083497975728e-4
FALSE,16,4.5,2.9694798664910344e-4
FALSE,15,11,3.0116694794924634e-4
FALSE,7.5,6,3.0414879891904086e-4
FALSE,15.5,6.5,3.0414879891904086e-4
FALSE,17,2.5,3.0414879891904086e-4
TRUE,21.5,19.5,3.059516001003415e-4
FALSE,1.5,15,3.0713064988883537e-4
FALSE,23,20,3.079249851686789e-4
FALSE,16,4,3.09349683743537e-4
TRUE,21.5,18,3.0950920227399873e-4
FALSE,3,15.5,0.00031011250085862983
FALSE,21,19.5,3.110207428455196e-4
FALSE,4,13.5,3.1198754838545603e-4
FALSE,16,7.5,3.1363218828784625e-4
FALSE,11,19,3.147897428343204e-4
FALSE,10.5,20,3.157652851975984e-4
FALSE,16,10,3.160762027982189e-4
FALSE,11.5,21,3.1635596005620504e-4
TRUE,3,17,3.168338148462538e-4
FALSE,12.5,23,3.171824993265224e-4
FALSE,11,2,3.190580537680134e-4
TRUE,12.5,19,3.190880638474686e-4
FALSE,17,22.5,3.192107543561766e-4
TRUE,20.5,13,3.216026215244107e-4
FALSE,1,14.5,3.2203990473780793e-4
FALSE,21.5,16.5,3.2502175570760244e-4
FALSE,12,6,3.261359839594856e-4
TRUE,16.5,6.5,3.2627075842212255e-4
TRUE,9,22,3.2852787293019645e-4
FALSE,15.5,9,3.299362933834693e-4
TRUE,19.5,14,3.304977580796824e-4
FALSE,17.5,9.5,3.309854576471915e-4
TRUE,16,23,3.3348301296227056e-4
FALSE,8.5,20.5,3.33967308616986e-4
FALSE,24,14,3.33967308616986e-4
TRUE,6,13.5,3.359600174177433e-4
TRUE,16,3,3.360462088477422e-4
FALSE,1,15,3.4068422611154513e-4
TRUE,5,16,3.4200397464820303e-4
TRUE,10.5,21,3.420698813059625e-4
FALSE,0,14,3.4291286152636957e-4
TRUE,20.5,11.5,3.434784287433643e-4
TRUE,7.5,23,3.43575554344273e-4
TRUE,23.5,17.5,3.4447630380301093e-4
TRUE,14,4,3.453079794648292e-4
FALSE,9.5,18.5,3.488765634659586e-4
TRUE,23,21,3.4890886587367407e-4
FALSE,20,24,3.495275552059822e-4
TRUE,15.5,3.5,3.5016282675683454e-4
FALSE,10,2.5,3.518584144357531e-4
FALSE,6.5,13.5,3.5347875225273944e-4
FALSE,16.5,9.5,3.548402654055477e-4
FALSE,16.5,8.5,3.57422220341783e-4
TRUE,12,22,3.5769722459440636e-4
TRUE,8.5,19,3.5805767519405204e-4
FALSE,10.5,18,3.585232688123796e-4
TRUE,23.5,19.5,3.587595735583829e-4
TRUE,22.5,19,3.5897124402558064e-4
FALSE,2.5,14,3.6080396734513665e-4
FALSE,21,12.5,3.616729085362445e-4
TRUE,15,8,3.6609768417610587e-4
FALSE,10.5,17.5,3.661321473875334e-4
TRUE,5.5,13,3.6871336408194434e-4
TRUE,12,21,3.7061161155995266e-4
TRUE,5,17,3.709283480983818e-4
FALSE,10,21.5,3.7273137122431475e-4
FALSE,14.5,0,3.7273137122431475e-4
FALSE,22,15,3.7273137122431475e-4
FALSE,21.5,11.5,3.72811016463718e-4
TRUE,18.5,4.5,3.756750375880709e-4
TRUE,13,5.5,3.7675910407771645e-4
FALSE,10,18.5,3.774421590234155e-4
FALSE,8,18.5,3.7915588841277585e-4
TRUE,15,22,3.798768509485007e-4
TRUE,19.5,2.5,3.8007034806956567e-4
FALSE,16.5,4.5,3.802572947054888e-4
TRUE,17,11,3.8105397100299195e-4
TRUE,10,4,3.8118864982537e-4
FALSE,8,21,3.812396655074876e-4
FALSE,13,0,3.816769241336983e-4
TRUE,17.5,2,3.826398028252822e-4
FALSE,14,8,3.8266004039843953e-4
FALSE,16.5,0,3.84090821949276e-4
FALSE,11,18.5,3.846587751034928e-4
TRUE,15.5,22.5,3.874331925359672e-4
FALSE,12,3,3.876406260732873e-4
FALSE,14.5,9,3.876406260732873e-4
TRUE,18,1.5,3.896990543807689e-4
FALSE,10.5,5.5,3.906224770430818e-4
TRUE,22,18.5,3.9113120454572077e-4
TRUE,9,19.5,3.922582536382529e-4
FALSE,17.5,7.5,3.9706679372198235e-4
TRUE,17,8.5,3.9867834634800813e-4
FALSE,13,21.5,3.995680299524654e-4
FALSE,22.5,13,3.995680299524654e-4
TRUE,13.5,6,4.012468207987466e-4
TRUE,18.5,7.5,4.0425711116231426e-4
FALSE,7,18,4.0718752391707166e-4
TRUE,21,17.5,4.124281039710594e-4
FALSE,15.5,21.5,4.131955957990912e-4
FALSE,24,11.5,4.14477284801438e-4
TRUE,10.5,16.5,4.1873832711519045e-4
FALSE,17,7,4.1921887512105674e-4
FALSE,13,20,4.2016588117055375e-4
TRUE,4,12.5,4.2143650345534113e-4
TRUE,22,20,4.215107804094522e-4
TRUE,12.5,20.5,4.235974726674844e-4
TRUE,9,14.5,4.2448698632301156e-4
FALSE,3,15,4.2530280529174785e-4
TRUE,24,13.5,4.2740995413545176e-4
FALSE,14.5,6,4.2871201514253337e-4
FALSE,4.5,13.5,4.288889879975907e-4
FALSE,21,18.5,4.295934204706949e-4
TRUE,21.5,24,4.306254298717466e-4
TRUE,6,18,4.343411627791815e-4
FALSE,8.5,17.5,4.348354548385743e-4
FALSE,19,9.5,4.349812673509972e-4
TRUE,10,22,4.351105513708518e-4
TRUE,15.5,3,4.3709996721182483e-4
TRUE,9.5,19,4.3744933282441025e-4
FALSE,16,2,4.392955584266444e-4
TRUE,1,13.5,4.397442267781792e-4
FALSE,22,13.5,4.4036917386831896e-4
FALSE,13.5,21,4.405113783410685e-4
TRUE,7,18,4.4253538127510044e-4
FALSE,7.5,19,4.435185452255965e-4
FALSE,14.5,21.5,4.464479752553421e-4
TRUE,5,13.5,4.475761094725715e-4
FALSE,18.5,9,4.502594964389722e-4
TRUE,14,8.5,0.00045085432472746583
TRUE,6.5,15.5,4.535006957199269e-4
TRUE,18,1,4.5359133622636493e-4
TRUE,9.5,20,4.5419271562640136e-4
TRUE,3,0,4.566312619635018e-4
FALSE,18.5,0.5,4.5664569684247146e-4
FALSE,17,7.5,4.5846098807586293e-4
FALSE,5.5,18,4.592050493483557e-4
FALSE,16.5,11,4.592050493483557e-4
FALSE,17,9,4.5926763840021173e-4
TRUE,19,11,4.5974455221703945e-4
TRUE,6.5,18,4.6001157975227063e-4
FALSE,17.5,5.5,4.616426826976531e-4
TRUE,18,10,4.6436926160422083e-4
TRUE,15.5,7.5,4.672139558345622e-4
FALSE,5.5,18.5,4.711324532275339e-4
FALSE,13,4.5,4.7411430419732833e-4
FALSE,6,17,4.763057261120498e-4
FALSE,20,17,4.770961551671229e-4
FALSE,17.5,4.5,4.828812442336212e-4
FALSE,14,4,4.832610425916439e-4
TRUE,13.5,20,4.8410197132486295e-4
TRUE,17.5,9,4.8586176957673115e-4
TRUE,18,8.5,4.884543746115464e-4
FALSE,23,18.5,4.902945432036661e-4
FALSE,19,16.5,4.920054100160955e-4
FALSE,16,9,4.922084442486288e-4
TRUE,11.5,21.5,4.93387043037199e-4
TRUE,17.5,17,5.0047283823517e-4
FALSE,10.5,19.5,5.039328138952735e-4
FALSE,11.5,0,5.039328138952735e-4
TRUE,4,14,5.048726732011792e-4
FALSE,6,16,5.059086479848788e-4
FALSE,17.5,13,5.069146648650681e-4
TRUE,18,10.5,5.091686712475833e-4
FALSE,12,21,5.106566194655729e-4
FALSE,17,5.5,5.108790357294099e-4
TRUE,13.5,20.5,5.133432622928516e-4
FALSE,12,18.5,5.201800252743929e-4
FALSE,10.5,18.5,5.202733572097475e-4
TRUE,0,20,5.209900935706057e-4
TRUE,15,0,5.215198352991644e-4
FALSE,13,9,5.218239197140406e-4
FALSE,22,19,5.23629847935387e-4
TRUE,22.5,14,5.239837941576206e-4
TRUE,22.5,20,5.245075786482355e-4
FALSE,8,20.5,5.277876216536297e-4
FALSE,10,0,5.277876216536297e-4
FALSE,12,4,5.277876216536297e-4
FALSE,16.5,6,5.286921065082974e-4
FALSE,18,2.5,5.29714285020743e-4
FALSE,9.5,7,5.337513235932187e-4
FALSE,19,12,5.367331745630132e-4
TRUE,16,0,5.382073407174029e-4
TRUE,12.5,8,5.391690199009345e-4
TRUE,7.5,17.5,5.399420280802164e-4
TRUE,17,5.5,5.403046655140439e-4
TRUE,14,19,5.414302818531466e-4
TRUE,6,15,5.428590386547126e-4
FALSE,16.5,5,5.456787274723967e-4
TRUE,18,13,5.493121601014228e-4
TRUE,18,21.5,5.505759994424396e-4
TRUE,12.5,11,5.508930903988225e-4
FALSE,13.5,23,5.515829116666287e-4
TRUE,12,22.5,5.534427882388263e-4
FALSE,23,18,5.579509525977219e-4
FALSE,12.5,20.5,5.585119282206694e-4
FALSE,4.5,15.5,5.605879823213694e-4
TRUE,15.5,10,5.614794038574942e-4
TRUE,22,13.5,5.641207225089142e-4
FALSE,23.5,18,5.665516842609584e-4
FALSE,9,18.5,5.700911413621044e-4
TRUE,13.5,11,5.72966466774904e-4
FALSE,19,0.5,5.739633133944603e-4
TRUE,13.5,22,5.749701347420973e-4
TRUE,20,24,5.751100167216669e-4
FALSE,15,3,5.795673444700727e-4
TRUE,2.5,14,5.815528072620693e-4
FALSE,12,21.5,5.833043193794579e-4
TRUE,5.5,16,5.833959314370774e-4
FALSE,5.5,11.5,5.873157140335935e-4
FALSE,2,14.5,5.874150693079071e-4
FALSE,10,21,5.8742464104952e-4
FALSE,22,17,5.8742464104952e-4
FALSE,24,12.5,5.909490696217784e-4
TRUE,18.5,1,5.93479725482352e-4
FALSE,8.5,16.5,5.935997562228675e-4
TRUE,6.5,15,5.938538249436161e-4
FALSE,8,18,5.946144502893788e-4
FALSE,16.5,23.5,5.94759159516943e-4
TRUE,3.5,17,5.95396447938794e-4
TRUE,2,17,5.95975355732409e-4
FALSE,11,20,5.960761834532818e-4
FALSE,13,18.5,5.97015078868141e-4
FALSE,15,1,5.990591675264448e-4
FALSE,23,16,5.992977752410478e-4
TRUE,16,5,6.012283576616798e-4
TRUE,19,10.5,6.040624193534124e-4
TRUE,21.5,17,6.042525985191668e-4
FALSE,1,14,6.055687569230743e-4
FALSE,0.5,13.5,6.072121146295474e-4
FALSE,5.5,15,6.074905896916164e-4
FALSE,18,7.5,6.079850104009181e-4
FALSE,16,0.5,6.090814071840018e-4
FALSE,19,10,6.105991096906078e-4
TRUE,7.5,22,6.112945816254236e-4
FALSE,11.5,18,6.131920378384121e-4
FALSE,17,4.5,6.164854325975308e-4
FALSE,13.5,21.5,6.172431507474653e-4
TRUE,12,18.5,6.174537623948495e-4
FALSE,16,7,6.176599747489798e-4
FALSE,17,10,6.198076916740369e-4
TRUE,20.5,12,6.210302165873167e-4
FALSE,20.5,10.5,6.232068526870543e-4
TRUE,11.5,20.5,6.238568882876757e-4
FALSE,19,11,6.244370153046429e-4
TRUE,17,3.5,6.265016757105569e-4
TRUE,14.5,20,6.265120820249399e-4
TRUE,15.5,23.5,6.276448621311902e-4
TRUE,12.5,0,6.286331603652814e-4
FALSE,16,21.5,6.288562675344269e-4
TRUE,18.5,9.5,6.304330681723696e-4
FALSE,7,17,6.313020711553814e-4
TRUE,9,15.5,6.329648264312739e-4
TRUE,6,17.5,6.329877504861466e-4
TRUE,15,4,6.383331273075862e-4
TRUE,6.5,19,6.472303752889646e-4
FALSE,19.5,11,6.478297971826332e-4
FALSE,18.5,10,6.479706180765329e-4
TRUE,24,12.5,6.492231090852482e-4
FALSE,8,20,6.49395913021585e-4
TRUE,11,16.5,6.498436722996256e-4
TRUE,8,13.5,6.50251599823442e-4
TRUE,14.5,11,6.50339676455322e-4
TRUE,24,23.5,6.510206867828115e-4
TRUE,20,14,6.55298888523459e-4
FALSE,15.5,8.5,6.56007213354794e-4
FALSE,23.5,13.5,6.588862202846403e-4
FALSE,0,13.5,6.595593731410714e-4
TRUE,24,3.5,6.6019800035563e-4
FALSE,12,17.5,6.624722538979345e-4
TRUE,15.5,5,6.627753729592468e-4
TRUE,16.5,4,6.661170818134929e-4
FALSE,21.5,17,6.678635000883425e-4
FALSE,11.5,16.5,6.721149337455463e-4
TRUE,5.5,13.5,6.742470526293076e-4
TRUE,8,20.5,6.745049482466273e-4
TRUE,17,10,6.753256897375359e-4
FALSE,7,12.5,6.761405220102979e-4
TRUE,17.5,1,6.791952551184597e-4
TRUE,17.5,23.5,6.795689775393474e-4
FALSE,6.5,17,6.7986202111315e-4
TRUE,6.5,14.5,6.854226047879023e-4
FALSE,3.5,12.5,6.86505614892362e-4
TRUE,19,0.5,6.900366740956673e-4
FALSE,5.5,17,6.942453072695606e-4
TRUE,18.5,8.5,6.964796154522201e-4
TRUE,20,13,7.00735873442973e-4
FALSE,20,10.5,7.011160286371417e-4
FALSE,19,24,7.066986798413007e-4
FALSE,22,20.5,7.079631635635517e-4
FALSE,17.5,22.5,7.112051512119512e-4
FALSE,7,15.5,7.129394553730031e-4
FALSE,19.5,9.5,7.163941086325683e-4
FALSE,17.5,1,7.170690207810715e-4
FALSE,18,8.5,7.195460742001894e-4
FALSE,12,19.5,7.210828307344925e-4
TRUE,11.5,20,7.217227702710013e-4
FALSE,15,2,0.00072800489957577355
FALSE,14.5,19.5,7.291811503278283e-4
TRUE,3.5,15,7.298444461985397e-4
TRUE,15.5,21.5,7.3006320502481e-4
FALSE,16.5,21.5,7.342971716737242e-4
FALSE,15.5,0,7.369383461702197e-4
TRUE,20.5,19,7.37436229581369e-4
FALSE,21,24,7.381375273562323e-4
FALSE,3.5,13.5,7.394579506026767e-4
FALSE,17.5,5,7.435762147955696e-4
TRUE,17,22.5,7.436896704448445e-4
FALSE,20.5,17.5,7.454627424486295e-4
FALSE,4,14,7.47108038358233e-4
TRUE,7,16.5,7.504626729467213e-4
TRUE,6.5,12.5,7.52970443896892e-4
TRUE,13,22,7.566178570881596e-4
FALSE,6,14.5,7.574292383940215e-4
FALSE,10,20,7.607374529524601e-4
TRUE,10,15.5,7.607694486704797e-4
TRUE,2,18,7.616215599206879e-4
TRUE,21,15,7.616215599206879e-4
TRUE,5.5,15.5,7.617825561613247e-4
TRUE,18.5,23.5,7.629968523969091e-4
TRUE,15.5,9,7.703946108021467e-4
TRUE,17.5,13,7.703955911071248e-4
TRUE,6,16,7.745149834413175e-4
TRUE,17.5,12,7.767031749686224e-4
TRUE,17.5,21.5,7.787229048558418e-4
FALSE,20,23.5,7.788627235278851e-4
FALSE,9.5,14.5,7.828202063164867e-4
FALSE,23,13.5,7.832462233645413e-4
FALSE,6,15.5,7.834808652173544e-4
FALSE,7.5,17,7.845849551759402e-4
FALSE,7.5,13.5,7.883102710480336e-4
TRUE,10.5,18.5,7.884581627773587e-4
TRUE,17,6,7.910088409223406e-4
TRUE,7,13.5,7.917847900165569e-4
TRUE,16.5,5,7.917847900165569e-4
TRUE,17,1.5,7.917847900165569e-4
FALSE,18.5,3.5,7.955702432412117e-4
TRUE,16.5,11,7.958875171661217e-4
FALSE,17.5,9,8.11170750782002e-4
TRUE,17,7.5,8.183466812551294e-4
TRUE,16,7,8.191493248079806e-4
FALSE,12,19,8.197483731002227e-4
TRUE,21,12.5,8.204622548059784e-4
FALSE,2.5,13.5,8.229908676632869e-4
TRUE,6.5,13.5,8.240683443720147e-4
TRUE,17,5,8.243401904832539e-4
FALSE,23.5,12.5,8.292782495256472e-4
TRUE,2.5,15,8.311672605750775e-4
TRUE,22.5,12.5,8.336846083508034e-4
TRUE,3,14.5,8.352812989359283e-4
TRUE,8,21,8.370296351603601e-4
FALSE,5.5,12.5,8.373250725527346e-4
FALSE,22,12.5,8.37629489718241e-4
FALSE,8,16.5,8.387397819268439e-4
FALSE,23,12.5,8.411144684021688e-4
FALSE,18,1.5,8.42126926080453e-4
FALSE,24,13,8.423722429597379e-4
TRUE,22.5,24,8.45281088385386e-4
TRUE,5.5,14.5,8.480126705028678e-4
TRUE,4,15,8.482769758065829e-4
FALSE,23,14,8.5005137394374e-4
FALSE,15,22,8.501441095089007e-4
FALSE,18.5,11,8.504941191757352e-4
TRUE,11.5,17,8.564757187870162e-4
TRUE,15,21.5,8.596520577322617e-4
TRUE,7,14.5,8.598055131653745e-4
FALSE,18,9,8.610566105919995e-4
TRUE,8.5,15,8.634131108929156e-4
TRUE,8,19.5,8.646028240959718e-4
TRUE,4.5,16,8.671928652562289e-4
TRUE,13,18.5,8.674576984164707e-4
FALSE,21,11.5,8.709099671561802e-4
TRUE,18.5,11,8.717255692508103e-4
FALSE,4,12.5,8.719001116436573e-4
FALSE,20,9.5,8.730817297274578e-4
FALSE,7.5,15.5,8.742797778101019e-4
FALSE,20.5,12,8.745167753251811e-4
FALSE,14.5,22,8.819563444022699e-4
TRUE,2,2.5,8.839158124698301e-4
FALSE,16,2.5,8.840258682493461e-4
TRUE,6,15.5,8.847183806146059e-4
FALSE,11.5,17.5,8.864613546659451e-4
FALSE,7,16.5,8.869236608403021e-4
TRUE,22.5,18.5,8.898152878281305e-4
FALSE,4,10.5,8.941460915297705e-4
FALSE,14,1,8.945552909383554e-4
FALSE,17.5,23,8.96495253360794e-4
TRUE,14,2.5,8.973560953520977e-4
FALSE,14,21.5,8.977226726754904e-4
FALSE,17,23,8.990378180457184e-4
TRUE,18,7.5,9.0035680889011e-4
FALSE,11,18,9.016501878618456e-4
FALSE,22,18.5,9.016629800025059e-4
TRUE,12.5,21,9.020268715324431e-4
TRUE,18.5,3,9.049165089756272e-4
FALSE,11.5,20.5,9.066557018108009e-4
FALSE,5,16,9.095719222407503e-4
TRUE,12.5,17.5,9.124377104000323e-4
TRUE,23.5,24,9.159545168049847e-4
FALSE,4,11.5,9.184324029419654e-4
TRUE,8,15.5,9.192531073218086e-4
FALSE,13,19.5,9.197467133939218e-4
FALSE,15.5,22,9.205763269525891e-4
FALSE,21.5,24,9.213919496665059e-4
TRUE,23,14,9.218492414545451e-4
TRUE,17.5,8.5,9.275193254479667e-4
FALSE,8,19,9.326578299080351e-4
TRUE,14,20.5,9.335413389285316e-4
TRUE,24,18,9.350601329719337e-4
FALSE,5.5,13.5,9.409121003070913e-4
TRUE,16.5,9,9.421014374055134e-4
FALSE,15,8,9.45132641988248e-4
FALSE,17,21.5,9.463258892908308e-4
FALSE,10.5,16.5,9.520222682909778e-4
FALSE,9,15.5,9.529313153776294e-4
TRUE,16.5,10,9.576825555438354e-4
FALSE,15,5,9.581266837778315e-4
TRUE,16.5,7,9.595636099806891e-4
FALSE,18,9.5,9.711425228980039e-4
FALSE,16,5,9.716110909593975e-4
TRUE,12.5,21.5,9.779870092909448e-4
TRUE,15.5,21,9.79203793993012e-4
FALSE,8.5,15.5,9.81531589861865e-4
FALSE,14,20,9.84727209727684e-4
FALSE,17.5,2.5,9.849922068233695e-4
TRUE,18,12,9.85208161983971e-4
FALSE,16,6,9.92062026380204e-4
FALSE,14,23,9.923732123474117e-4
FALSE,5,14.5,9.989200748811635e-4
FALSE,17,2,0.0010008862775921362
FALSE,23.5,13,0.0010061611123206833
TRUE,10.5,18,0.001006500159884419
FALSE,11,17.5,0.0010106196653462494
FALSE,15,4,0.0010132443502068817
TRUE,5.5,11.5,0.0010138163267522473
FALSE,22.5,24,0.0010166784286947553
FALSE,17.5,7,0.0010214241936057319
TRUE,11,17.5,0.0010236476545616195
TRUE,10.5,17,0.001025625834599382
FALSE,5.5,10.5,0.0010273898039299414
TRUE,16,21.5,0.001027664039465035
FALSE,5,12.5,0.0010328879792961263
TRUE,6,12.5,0.0010338504425496224
FALSE,9.5,20,0.0010353242409939774
FALSE,21,18,0.0010386618267844683
FALSE,18,3.5,0.001043407210018521
TRUE,15,19.5,0.0010455236125967236
TRUE,16.5,0,0.0010463928414800115
TRUE,4,16,0.001048172245831442
FALSE,11.5,19,0.001051149908101497
FALSE,10,16.5,0.0010528626236615277
TRUE,16,8,0.0010593141659884797
FALSE,8.5,18,0.001061568495389959
TRUE,6,14.5,0.0010621397819757853
TRUE,6,11.5,0.0010632538608793764
TRUE,9,18.5,0.0010632538608793764
TRUE,21.5,13,0.0010632538608793764
TRUE,18,5.5,0.0010707946684033434
TRUE,10.5,19,0.0010777685580176588
FALSE,9.5,19,0.0010796683307766118
FALSE,0.5,13,0.0010810134437490861
TRUE,12,17.5,0.0010817283114565694
FALSE,17,3.5,0.0010840215648259244
TRUE,10.5,15,0.0010846597249734363
FALSE,9.5,13.5,0.001085107316401046
FALSE,13,17.5,0.0010855636290549536
TRUE,13,19.5,0.001086132972539394
FALSE,18.5,2,0.0010989430452638734
FALSE,7.5,20,0.0011007618550814091
FALSE,17,8,0.0011084392536099977
TRUE,8,18,0.0011118429787519838
FALSE,18,10,0.0011129133152424575
FALSE,19,23.5,0.001113820006666843
TRUE,23.5,20,0.0011159279850038674
TRUE,17,8,0.0011179520885594505
TRUE,4,4.5,0.0011186211844110522
FALSE,16,23,0.0011208625422873036
FALSE,13,5.5,0.0011211759646427388
TRUE,16.5,2,0.001131121128595081
TRUE,17.5,11,0.001131121128595081
FALSE,6.5,16,0.0011408511417152435
TRUE,4,13,0.0011478519182485073
TRUE,18,6.5,0.0011482086738524662
FALSE,5,13.5,0.0011528731299071835
FALSE,6.5,12.5,0.001155150041489209
TRUE,10,17.5,0.0011589044044283106
FALSE,4.5,12.5,0.001167404286053186
FALSE,7,19,0.001172575978556688
FALSE,10.5,16,0.0011740780830008712
TRUE,19.5,13,0.0011763659737388844
TRUE,22,19,0.0011763659737388844
FALSE,17.5,0,0.0011782778143441097
TRUE,15.5,23,0.0011825376722488
TRUE,9.5,15.5,0.001184534251856921
FALSE,22,11.5,0.0011849158022434983
FALSE,18.5,22.5,0.001185168454476169
FALSE,6,12.5,0.0011890032340973636
TRUE,4.5,14,0.0011893467198106416
FALSE,19.5,0.5,0.0011977263409244006
FALSE,22.5,18.5,0.0012009013562000184
TRUE,14,22,0.0012018610669370414
TRUE,10.5,15.5,0.001203257322858179
TRUE,1,14.5,0.0012040965393275216
FALSE,15,22.5,0.0012048503407133561
TRUE,9.5,18,0.0012050143310112637
FALSE,14,19.5,0.0012063741261959405
TRUE,19,9.5,0.001213676909062496
TRUE,20.5,24,0.0012172774938390399
TRUE,18.5,22.5,0.0012182751502152682
TRUE,20,10.5,0.0012306816260900378
FALSE,24,0.5,0.0012330956258396377
FALSE,1.5,12.5,0.0012350555368450642
FALSE,19,10.5,0.0012378330415678987
FALSE,17.5,20.5,0.0012401189285213433
TRUE,13.5,17.5,0.001240977837142455
FALSE,15,20.5,0.0012418739267281253
TRUE,8.5,14,0.0012474884270833053
FALSE,3.5,13,0.0012495518053347201
FALSE,16.5,23,0.0012561914928891618
FALSE,14.5,20.5,0.0012570128437387916
FALSE,24,12,0.0012570535460045293
TRUE,11.5,15.5,0.0012578282315440189
FALSE,24,1.5,0.0012599288852576827
FALSE,13,21,0.0012600131225475794
FALSE,14,18.5,0.0012615088786310476
TRUE,19.5,10,0.001264300913845446
TRUE,7.5,18.5,0.001266855664026491
TRUE,18,22.5,0.001266855664026491
FALSE,9,14.5,0.0012699002247191853
TRUE,22,12.5,0.0012738204292637022
FALSE,3,13,0.0012748207559155013
TRUE,7.5,16,0.0012792887212477824
FALSE,15,7,0.0012793980760651942
TRUE,17.5,22.5,0.0012843234167992344
TRUE,6.5,17,0.0012894780865983927
FALSE,7,16,0.0013004311880693436
TRUE,10,13.5,0.0013066334991234932
TRUE,15,9,0.0013068963716737787
TRUE,9.5,14.5,0.0013083256563318716
TRUE,3.5,13.5,0.001308747112064386
TRUE,8.5,14.5,0.0013098335916124392
FALSE,15.5,23,0.001309950717471903
TRUE,0,16,0.001312100509170294
TRUE,23,24,0.0013140964101057378
FALSE,17,3,0.001315905116036466
FALSE,24,0,0.0013177300684669997
FALSE,9,12.5,0.0013211985932972763
FALSE,7.5,14.5,0.0013241674970701598
FALSE,15,0,0.001336813795399646
TRUE,15.5,6,0.0013440932145795527
FALSE,23,19,0.0013464742470790376
FALSE,10,15.5,0.0013484305500447908
TRUE,17,23,0.0013508469880222436
FALSE,5.5,13,0.0013595997586778792
FALSE,0.5,14,0.0013598508305295359
FALSE,3,14,0.0013626813227441035
TRUE,4.5,15,0.0013635338688247917
TRUE,18.5,11.5,0.0013649465637063315
TRUE,23,20,0.0013713675613129897
FALSE,9,19,0.0013729028991389912
FALSE,7.5,16.5,0.0013762918622216918
TRUE,11.5,17.5,0.0013764846024826034
TRUE,12.5,18.5,0.001377160635877127
TRUE,13,17.5,0.0013855180374478646
FALSE,1,13.5,0.0013865968708067144
FALSE,5,10.5,0.0013891497228774848
FALSE,10.5,17,0.0013914959923130674
FALSE,14.5,22.5,0.001392512922767806
FALSE,19,8.5,0.0013949874982687681
FALSE,22,13,0.001396474341599688
FALSE,16,0,0.0013970173068427777
FALSE,14.5,21,0.0014012928338558177
TRUE,20,1.5,0.001402797043808283
FALSE,16.5,7,0.0014066711686315262
FALSE,18.5,1,0.0014093269482340718
FALSE,9.5,17,0.0014134819846131242
FALSE,4.5,14,0.001418144496245024
TRUE,12,20,0.001418574147534153
TRUE,23.5,14,0.0014189778823689863
TRUE,18.5,0.5,0.0014191569011396052
TRUE,10,19,0.0014233702519355466
TRUE,19,3.5,0.0014290470472476645
TRUE,18,23.5,0.0014300891868474768
TRUE,4.5,13,0.0014304694697709103
TRUE,17,4,0.0014310716786597743
FALSE,19.5,23.5,0.0014356542233247545
TRUE,17.5,7,0.0014397998617364655
TRUE,5.5,11,0.001444282283626477
FALSE,18,6.5,0.001448271716973872
FALSE,19,2.5,0.001469489256460503
FALSE,15.5,20,0.0014822337471424242
TRUE,1,15,0.0014824242008576148
TRUE,18,0,0.0014853743155771413
TRUE,8.5,16.5,0.0014860912955565202
TRUE,17,0,0.0014873011427156654
FALSE,17,6.5,0.001487398253385089
TRUE,3.5,14,0.0014930798897455071
FALSE,10,17.5,0.0014930976440547155
TRUE,14,19.5,0.0014955243933205517
FALSE,12.5,19,0.0014999812768369957
FALSE,13.5,18.5,0.0015043852619898144
FALSE,1.5,13,0.0015059180824808372
FALSE,2,13,0.0015073819625774385
FALSE,12.5,20,0.0015096500180620837
FALSE,5,11.5,0.0015144834792100818
TRUE,7.5,19,0.0015307839273653431
TRUE,20.5,1.5,0.0015349532398453447
TRUE,4.5,12.5,0.0015357011371355718
FALSE,8.5,17,0.0015378268697086082
TRUE,10,18,0.001540165219781685
FALSE,17,1,0.0015469577446557648
TRUE,16,20.5,0.0015578245844736125
TRUE,24,1.5,0.0015615567563414495
FALSE,16.5,4,0.0015664147695113194
FALSE,18.5,7.5,0.0015687965527919525
TRUE,9,12.5,0.0015707882129122903
FALSE,2.5,13,0.0015712131640919127
FALSE,18,1,0.0015716534343876028
TRUE,13,21,0.0015719480645175516
FALSE,16,20.5,0.0015752863128796325
TRUE,13.5,21.5,0.0015777603681408749
TRUE,19.5,11,0.0015832264732907732
TRUE,8,14.5,0.001588371566264376
FALSE,15,20,0.001590219273443815
FALSE,20,12,0.0015945613553705008
TRUE,11,19,0.0015956739334544352
TRUE,9,16.5,0.0016010249658815177
FALSE,16.5,21,0.0016117398882630161
TRUE,16.5,20.5,0.0016151200170810916
TRUE,7,11.5,0.001619456026652218
TRUE,21,14,0.0016212736176529497
TRUE,18.5,2,0.0016239463814717446
FALSE,15.5,20.5,0.0016292359882838145
FALSE,9.5,16,0.001630751186035606
TRUE,5,11.5,0.0016314074072521082
TRUE,23,15,0.0016377721504346374
FALSE,6,11.5,0.0016395841144338603
TRUE,13.5,18.5,0.001648949210754737
TRUE,24,2.5,0.0016497667851064857
TRUE,5,5.5,0.001652209101847348
TRUE,18,9,0.0016522237310139444
FALSE,15,19.5,0.0016554241242445445
FALSE,18.5,6.5,0.0016661401809857535
TRUE,17,21.5,0.0016663771480637539
FALSE,22,24,0.0016740236582167155
FALSE,12,20,0.001675895723892572
TRUE,16,4,0.0016842907887853894
TRUE,18.5,5.5,0.0016929014106727817
TRUE,4.5,5,0.0017014514798757568
TRUE,13.5,19,0.0017041968616710074
TRUE,13,19,0.001710540867632846
TRUE,12.5,16.5,0.0017109807229357189
FALSE,8,15.5,0.0017168020973291496
FALSE,17.5,2,0.001722591510079554
TRUE,23,19,0.0017271903749219713
FALSE,23.5,14,0.001741738243523192
TRUE,19,23,0.0017423191878841982
FALSE,5.5,14,0.0017474137793850601
FALSE,13.5,18,0.0017518564689634666
FALSE,20.5,11,0.0017556266616926552
FALSE,7,13.5,0.0017586903942900804
TRUE,15,20.5,0.0017596303180846685
TRUE,14.5,2,0.001772089768132294
TRUE,8.5,18.5,0.0017758511229252487
FALSE,6.5,14,0.0017761123356772601
FALSE,12.5,18,0.0017799017315266942
FALSE,9.5,15.5,0.001786180466021242
FALSE,8.5,16,0.001793625372611567
TRUE,19,23.5,0.0017937506623368143
FALSE,9,18,0.0017941588853870824
FALSE,6.5,12,0.0017966233852136175
FALSE,2,14,0.0017982404131760275
TRUE,16,6,0.0017995083705136645
FALSE,16,22.5,0.0018002639866996593
TRUE,17,7,0.0018014943175831764
FALSE,7.5,16,0.0018141059774495227
FALSE,6.5,14.5,0.0018144646643026795
FALSE,11.5,15.5,0.0018149835242625295
TRUE,24,0,0.001822706609148096
TRUE,7.5,17,0.0018316921599855803
TRUE,15,23,0.0018368139518639339
TRUE,8,11.5,0.001837632657336811
TRUE,16,6.5,0.0018376490208891383
FALSE,23.5,24,0.001840283468202291
TRUE,18.5,0,0.0018406857794871147
FALSE,16.5,22,0.0018421448290331655
TRUE,11.5,18.5,0.0018439043469544946
TRUE,24,14,0.001845145036016413
TRUE,15.5,20.5,0.0018483886389647722
TRUE,15.5,19,0.0018508327654994405
FALSE,6,13.5,0.0018516875274177604
TRUE,7.5,13.5,0.0018524966446796037
FALSE,14.5,18.5,0.0018677786687171206
FALSE,4.5,11.5,0.0018749437882309495
TRUE,4.5,8.5,0.0018751004414569211
TRUE,10.5,20,0.0018927426885157693
TRUE,21,11.5,0.0018938909272774437
FALSE,18.5,23,0.0019107164877638903
FALSE,19,1.5,0.0019109484757693401
TRUE,17,20.5,0.0019115315153586364
FALSE,19.5,23,0.001912194650926637
FALSE,18,22.5,0.0019161842780686927
TRUE,6.5,12,0.00191938111895071
FALSE,6.5,15.5,0.0019213489334039058
FALSE,17.5,4,0.0019247779129266211
FALSE,9,16.5,0.0019337682532375709
FALSE,20,0.5,0.001947447136739387
FALSE,14,22,0.00196465253610914
TRUE,12,19,0.001979797691792359
TRUE,11.5,18,0.001979886597913067
FALSE,15.5,21,0.0019858181317518775
FALSE,21,10.5,0.001986653139478949
TRUE,23.5,12.5,0.00199831399385131
TRUE,17.5,22,0.0019989594869753618
FALSE,10.5,15.5,0.002000232429158374
FALSE,23,15,0.002003244605552531
FALSE,18,21.5,0.0020107079101633397
FALSE,18.5,2.5,0.002016885768639579
TRUE,19,10,0.002018698832606625
TRUE,8,17.5,0.0020261591797143116
TRUE,8,12.5,0.002026378617213259
TRUE,13.5,18,0.0020271552449801526
TRUE,2,14,0.002043535085451413
TRUE,16.5,2.5,0.0020435588389951134
FALSE,8.5,13.5,0.0020500211104452657
TRUE,4.5,9.5,0.002063648832176241
FALSE,11,17,0.0020756155300594
TRUE,11.5,16.5,0.0020817545372655124
FALSE,9.5,14,0.002085426595031276
FALSE,24,1,0.0020862807522052753
FALSE,20.5,0.5,0.0020919322185661156
TRUE,4,10.5,0.002092424629095775
TRUE,20,0.5,0.0020973254753136766
FALSE,15.5,4,0.0020996331766992165
TRUE,8,17,0.0021042744802631627
FALSE,18,4.5,0.002106310435575877
FALSE,15.5,19.5,0.0021072087211623787
TRUE,21.5,11.5,0.0021100345260903455
FALSE,9,20,0.002111464684251206
TRUE,9,17,0.0021140908018655626
FALSE,17,20.5,0.002114714901808282
FALSE,19.5,2.5,0.002118051682499011
FALSE,14.5,20,0.0021191349591378277
TRUE,14.5,21,0.0021211592532062286
FALSE,19.5,1,0.0021227760377200244
TRUE,21,24,0.002125432628830061
TRUE,19,2.5,0.0021395941145439202
TRUE,2.5,12.5,0.002139834892528161
FALSE,10,14.5,0.0021442710682579046
FALSE,6.5,11.5,0.0021501295406767696
TRUE,16.5,8,0.0021534363224672156
FALSE,17.5,3,0.0021556326360970546
FALSE,8.5,14.5,0.0021640986149331154
FALSE,13.5,20,0.0021671148198079324
TRUE,0.5,1.5,0.0021715309425694267
TRUE,7.5,15.5,0.002181588343788367
FALSE,23,13,0.002182101662419139
TRUE,14.5,19.5,0.002187554027436728
TRUE,10.5,16,0.002193047505717938
FALSE,18.5,4.5,0.0021951748127149507
TRUE,9,10.5,0.002198300432239134
TRUE,19,4.5,0.002200118520933162
FALSE,12.5,17.5,0.002204856405717719
FALSE,19.5,1.5,0.0022086795859386408
TRUE,22,24,0.0022188915573250743
FALSE,8,17.5,0.0022225355019325336
TRUE,3.5,12.5,0.002231012907726555
TRUE,24,0.5,0.0022323383554650428
FALSE,2,12.5,0.002239154073031431
FALSE,17.5,3.5,0.0022452551428814964
TRUE,8.5,16,0.002247070604900392
TRUE,10,17,0.002251102297643081
FALSE,10,13.5,0.00226346102779789
FALSE,18.5,8,0.0022707494051034064
TRUE,5.5,10.5,0.0022725036523342412
TRUE,19.5,23.5,0.00228376538084122
TRUE,8.5,17,0.0022885952228154757
TRUE,20,11.5,0.002291147152734507
TRUE,15.5,20,0.002293698584960241
FALSE,0.5,12.5,0.0022981219352511896
TRUE,16.5,6,0.0023152112268888404
FALSE,17,0,0.0023214029752459384
FALSE,12,16.5,0.0023245577467353217
FALSE,0,12.5,0.00232538312010191
TRUE,12,16.5,0.002327646546352389
FALSE,3,13.5,0.0023281192665517937
FALSE,4.5,13,0.0023317926087614836
FALSE,18,23,0.0023384196830863223
FALSE,11,15.5,0.002339006541175688
TRUE,11,17,0.0023395535568408086
TRUE,9.5,13,0.0023418228874570713
TRUE,22.5,13,0.002354338441112675
FALSE,8,13.5,0.002355787086419265
TRUE,8,20,0.0023602760729570468
TRUE,3,12.5,0.002361921024710325
TRUE,6.5,11.5,0.002366922163668295
TRUE,7,8.5,0.002369771208944578
TRUE,7.5,11.5,0.002369938185045581
TRUE,11,15.5,0.002378825479161028
TRUE,5.5,15,0.002380595532911129
FALSE,6.5,10.5,0.0023912001985800556
TRUE,19,1.5,0.0023966554169191473
FALSE,0.5,1,0.0024002365548151717
FALSE,18.5,8.5,0.0024031305306368863
TRUE,6,9.5,0.0024110170809095387
FALSE,7,14.5,0.0024121377184058153
TRUE,17,3,0.0024130584076695067
TRUE,22.5,11.5,0.0024150645641031828
FALSE,18.5,0,0.0024171044682921635
TRUE,20.5,0.5,0.00242558964620476
TRUE,1.5,13.5,0.002428140022717441
TRUE,5.5,14,0.00243111924495401
FALSE,2.5,12.5,0.002431552699162696
FALSE,19.5,0,0.002440964673200775
TRUE,14,18.5,0.002443567987054951
FALSE,13.5,19,0.002449902860938263
TRUE,20.5,1,0.0024537445556551936
FALSE,17.5,8,0.002459492523475632
FALSE,24,10.5,0.002469246336908888
FALSE,4.5,12,0.0024844056795986975
FALSE,19,22.5,0.002499168525565053
TRUE,17.5,6,0.002511513075904303
TRUE,1,1.5,0.002518733625332728
FALSE,6.5,13,0.0025235344523981415
TRUE,0,13.5,0.0025235589126592394
TRUE,4.5,11.5,0.0025289325675088934
FALSE,21.5,12,0.0025321746041311985
TRUE,10.5,14.5,0.0025434124261164153
TRUE,17,9,0.002544304496105693
FALSE,9.5,13,0.0025480183114370857
FALSE,9.5,15,0.0025514346777301983
TRUE,2.5,3,0.002554058311954526
TRUE,18,2,0.002563952002242122
FALSE,11.5,17,0.002580491831420026
FALSE,19.5,8.5,0.002582554774322012
FALSE,14,21,0.002593147671672615
FALSE,10,19,0.002596222765122235
FALSE,17,5,0.0026064742494823503
FALSE,5,5.5,0.0026235445739850225
TRUE,6.5,14,0.00262820986243648
FALSE,5,9.5,0.0026302647387152875
TRUE,6.5,11,0.0026318596132780796
TRUE,8.5,12.5,0.0026478149062857414
TRUE,9.5,13.5,0.002659130792872357
FALSE,4,4.5,0.0026617595406636676
TRUE,18,3,0.002664721472162551
TRUE,18.5,5,0.002667177437765032
FALSE,8,11.5,0.0026708231301436902
TRUE,8.5,11.5,0.0026799825584295557
TRUE,19.5,3.5,0.002697779618266871
TRUE,7.5,10.5,0.0027097652190513056
TRUE,24,3,0.002715451734464321
FALSE,7.5,12.5,0.002725659578207779
TRUE,18.5,10,0.002742666802909812
TRUE,13,20,0.002745545355365936
TRUE,7,21,0.002759935553771998
TRUE,5,15,0.002763773900209773
FALSE,1,13,0.002765542162932388
TRUE,24,11.5,0.0027660485847993774
TRUE,13.5,21,0.0027674763612959654
FALSE,8.5,13,0.00276774631735075
FALSE,7.5,11.5,0.0027692342311661676
FALSE,6,15,0.002780826981911006
TRUE,7.5,13,0.002786349720591176
TRUE,0,12.5,0.002789803485845228
FALSE,13,19,0.0028094444586934863
TRUE,9.5,15,0.002813322201258621
FALSE,18,5.5,0.0028133258744638483
TRUE,9.5,12.5,0.0028156607640287615
FALSE,18.5,5.5,0.002816204377460881
FALSE,10,18,0.0028471778474949564
FALSE,15,21,0.0028489001944336195
TRUE,23.5,13,0.002862370863482547
FALSE,11,16.5,0.0028737088366801934
TRUE,19.5,1,0.0028858493185245694
TRUE,16.5,21.5,0.0028887375986223988
FALSE,24,2.5,0.002900836941522132
FALSE,12,18,0.0029101528701404736
TRUE,0.5,13.5,0.0029107517042513426
FALSE,20.5,9.5,0.00291481866180844
FALSE,20,22.5,0.002918360862212478
TRUE,9,13.5,0.0029371492812939677
FALSE,0.5,11.5,0.0029505913613413807
TRUE,20,23.5,0.00296472420461531
TRUE,16,19.5,0.0029698852841008633
TRUE,6,10.5,0.002978558796323006
TRUE,5.5,6.5,0.002984717072195529
TRUE,4,5.5,0.0029875996212796407
TRUE,4,11.5,0.002989710217897524
FALSE,20.5,1.5,0.0029913651616838414
TRUE,7,15.5,0.0029962515667922643
TRUE,20,12,0.002996533140545209
TRUE,0.5,13,0.00299869320486045
FALSE,8,12.5,0.0030054302545232652
TRUE,7,10.5,0.003006872417149396
TRUE,17,4.5,0.0030275362657830977
TRUE,1.5,12.5,0.003041111453711969
TRUE,18.5,21.5,0.0030420989978653078
FALSE,1.5,2.5,0.003044270294693304
TRUE,19.5,23,0.003056230320349072
TRUE,14.5,19,0.0030579018911529097
TRUE,7.5,16.5,0.003064806329929929
FALSE,18.5,22,0.003070812960806939
FALSE,14.5,19,0.0030738468271850504
TRUE,8,16,0.0030770153497596837
TRUE,11,20,0.0030869383737885474
TRUE,7,12.5,0.003093808878931709
TRUE,8.5,13.5,0.0030960135848274914
FALSE,1,12.5,0.0031044703173708013
FALSE,3,11.5,0.003108618370254883
FALSE,21,12,0.0031207801178017767
TRUE,16.5,0.5,0.003121894314922424
FALSE,7.5,14,0.0031379363762675475
TRUE,18.5,23,0.0031392924660417214
TRUE,9.5,17,0.0031479070091490263
FALSE,18.5,3,0.0031484068775813937
FALSE,17,4,0.0031550736105241312
TRUE,9.5,14,0.0031586310177530857
TRUE,21,13,0.0031772294392059725
FALSE,17.5,21.5,0.003179277056297876
FALSE,17.5,6,0.003180729008990598
FALSE,1.5,11.5,0.003197627933717676
TRUE,14,21,0.003199896050909965
FALSE,4,12,0.0032011728476060964
FALSE,6.5,11,0.003202409063381154
FALSE,17,19.5,0.003205326774736588
FALSE,18,8,0.003207373219057158
FALSE,22.5,11.5,0.0032448235974012344
FALSE,24,4.5,0.003270594482955761
FALSE,17.5,22,0.003272464878795074
TRUE,17.5,23,0.0032864412955979343
TRUE,6.5,7,0.003290442153978658
TRUE,17.5,20,0.003299749689756608
TRUE,4.5,10.5,0.003305121383996306
TRUE,12.5,18,0.003310696001366474
FALSE,18,2,0.00331935871952347
FALSE,20,1.5,0.0033206084430834207
FALSE,15,18.5,0.003327971408409095
TRUE,4.5,5.5,0.0033286716275259566
FALSE,16,19.5,0.003329247074072483
FALSE,23.5,11.5,0.00333082390668382
TRUE,19,5.5,0.0033340725046907722
FALSE,3.5,11.5,0.0033388811065522828
TRUE,11,18,0.003338973841061163
TRUE,10,14.5,0.0033435861533607754
TRUE,14,20,0.0033481185406414402
TRUE,13,18,0.0033674047591485887
FALSE,13.5,17.5,0.003375198351709327
FALSE,7.5,15,0.003382517960921901
TRUE,17.5,4,0.0033867721921527695
FALSE,4.5,9.5,0.0033902627820827677
TRUE,11,14.5,0.003402025134347649
FALSE,10.5,13.5,0.0034076648643424886
FALSE,20,11,0.003422923502669592
TRUE,23,12.5,0.003431317099542198
TRUE,12.5,20,0.0034391627819143596
TRUE,3,13.5,0.003447862234514384
TRUE,5.5,12,0.0034547242185450438
FALSE,6.5,15,0.003471192751976315
TRUE,10.5,14,0.0034779819089059945
FALSE,13,18,0.0034784290184542836
TRUE,18.5,6.5,0.0034828445232297496
FALSE,20.5,23.5,0.0034837196868114802
FALSE,9,17,0.0034979247477354264
FALSE,9.5,10,0.003499252911866988
TRUE,7,13,0.0034999017996857336
TRUE,15,18.5,0.0035038392323343726
FALSE,16,21,0.0035071319580674094
FALSE,4.5,10.5,0.0035210821005519474
TRUE,16.5,21,0.003533416089237178
FALSE,11.5,16,0.003540834984660725
FALSE,18.5,7,0.0035568839625873725
TRUE,17.5,5,0.0035590482743161206
FALSE,8,17,0.0035617759574699077
FALSE,4.5,5,0.003563707749620689
TRUE,20,2.5,0.003574794611547293
FALSE,9,13.5,0.0035852874945446213
TRUE,19.5,0,0.00359589590242546
FALSE,8,14.5,0.0036024020070968147
TRUE,17.5,0.5,0.0036120468039802923
FALSE,5.5,9.5,0.0036127600628105905
TRUE,12,15.5,0.0036269627474869257
TRUE,19,7.5,0.003633114387448827
TRUE,9,16,0.0036358569037372194
FALSE,8.5,11.5,0.0036391769365592126
FALSE,12,15.5,0.003640785048787223
TRUE,3.5,4.5,0.003653057636515539
TRUE,12.5,19.5,0.003656001944813272
TRUE,15.5,19.5,0.0036620836060813513
TRUE,10,12.5,0.0036712096421630067
FALSE,5,14,0.0036771201850500867
TRUE,18,5,0.0036793081150257936
TRUE,18.5,8,0.0036794552889662393
FALSE,7,13,0.003689317625353089
TRUE,20,3.5,0.0036989613220127105
TRUE,0,0.5,0.0037058550528430464
TRUE,5,14,0.003713188186527804
FALSE,5,15,0.0037154666394290958
TRUE,3,14,0.0037351433230419094
TRUE,19.5,8.5,0.0037391868548524113
TRUE,10,11.5,0.003739554242994979
TRUE,19,20.5,0.0037413273884761645
TRUE,19,22.5,0.003748194651072091
TRUE,18,8,0.003766075715505223
FALSE,5,13,0.0037662245117366998
FALSE,6,14,0.003772815118024178
FALSE,23,24,0.0037792504891501696
TRUE,7.5,14,0.0037810112651114184
TRUE,8.5,10,0.0037865024811503715
FALSE,19,1,0.003788481882293517
TRUE,5,8.5,0.003788790739193519
FALSE,17,6,0.0037908531396402276
TRUE,11,16,0.003791605798050291
FALSE,16.5,20.5,0.003794492101108235
TRUE,2.5,3.5,0.00380042462163342
TRUE,14.5,18.5,0.003823747811448524
TRUE,4.5,11,0.0038323945538039565
TRUE,19.5,4.5,0.0038339693006391867
TRUE,18,23,0.0038357989267687265
TRUE,4,9.5,0.0038658111898979652
TRUE,18,4,0.0038697357730105844
TRUE,7.5,11,0.0038775902328827038
TRUE,20.5,10.5,0.0038853777002207796
FALSE,24,3.5,0.0038878678994905694
FALSE,18.5,6,0.0038998954279616115
FALSE,21.5,10.5,0.003916164800457138
FALSE,17,22,0.003920985469464476
TRUE,21.5,1.5,0.0039248381427290984
TRUE,5,10.5,0.003926408214263663
TRUE,18.5,7,0.0039281946315660905
TRUE,19.5,21.5,0.00393434348142921
TRUE,5.5,8.5,0.003943591376960452
FALSE,0,13,0.003957886233037799
FALSE,3.5,12,0.003959747504413145
TRUE,14,17.5,0.003960199025227012
FALSE,21,0.5,0.003974338953585757
FALSE,3.5,10.5,0.0039813023210629695
TRUE,2,13,0.003988222551187955
TRUE,7,9.5,0.0039900518002771185
TRUE,6,13,0.003993325310068119
FALSE,0,0.5,0.004002613490670053
TRUE,5.5,6,0.004008000958202192
FALSE,7,10.5,0.00401338990007489
TRUE,8,16.5,0.00402463002236212
FALSE,13,16.5,0.004033846769379126
TRUE,18,7,0.004053197843810143
TRUE,16.5,22,0.004055024906065126
TRUE,6,6.5,0.004091255243670553
TRUE,2,13.5,0.00409710660867685
FALSE,19,4.5,0.004103407734697205
TRUE,24,4.5,0.004104083514614175
TRUE,20,11,0.004110789856377539
FALSE,11,14.5,0.004114251516042854
FALSE,19.5,10,0.004126469560936058
TRUE,18,22,0.004128489639797796
FALSE,20.5,10,0.004131793447113058
TRUE,19,21.5,0.0041499124857904
FALSE,4,11,0.004155643573365392
FALSE,8.5,12.5,0.004162506273553864
TRUE,9,11.5,0.004183995789595988
TRUE,4,5,0.004200022343234751
FALSE,5.5,11,0.004200266615306251
FALSE,19.5,9,0.004250891914519737
TRUE,2.5,13,0.00425309235975425
TRUE,1.5,2.5,0.0042616351897820015
FALSE,8,10.5,0.0042840518864144346
FALSE,14,17.5,0.004285075198030249
FALSE,19,2,0.004285967934392096
TRUE,1.5,3.5,0.004293788506850713
TRUE,19.5,21,0.0043132642258509385
TRUE,22,13,0.004319254801704937
FALSE,4.5,10,0.00432775610079746
FALSE,4,13,0.004328005711542142
TRUE,15,21,0.004337096880163169
FALSE,9,15,0.004350814426343275
FALSE,19,9,0.004364035118625073
TRUE,12,17,0.00437790395253831
TRUE,22,11.5,0.004386443849191935
FALSE,10.5,14,0.00439039721577138
TRUE,3,3.5,0.004392384919644538
TRUE,17.5,8,0.004407065318487352
TRUE,0,14,0.004421276799755096
FALSE,4,8.5,0.0044290513971704725
FALSE,10.5,15,0.004429272561056901
TRUE,18.5,6,0.004436835069246621
FALSE,16,22,0.00444042990192313
TRUE,11.5,15,0.004460866491704376
FALSE,19,21.5,0.004478037453631824
TRUE,1,14,0.004478472241254807
FALSE,2.5,11.5,0.004479279573471802
FALSE,4.5,8.5,0.004479715042987431
FALSE,24,2,0.004480140523302311
FALSE,6,10.5,0.004494488981439394
FALSE,19,7.5,0.00449928406616541
FALSE,1,1.5,0.004501312380832084
FALSE,2.5,3.5,0.0045239253967540695
FALSE,18,7,0.004538940894953096
TRUE,23,13,0.004546559775958288
FALSE,18.5,21,0.0045740198996582744
FALSE,2.5,3,0.004578715417398559
TRUE,5.5,7.5,0.00460622211723139
FALSE,0,11.5,0.00461328860774188
TRUE,4.5,10,0.004623100706712285
FALSE,14,19,0.004625276930836372
FALSE,18,0,0.004627562638878757
TRUE,23.5,3.5,0.004637264982524929
TRUE,16.5,20,0.0046442001877966465
TRUE,16,21,0.004661785878799065
TRUE,19,0,0.004691923998005878
TRUE,7,17,0.0046926523646046185
TRUE,19.5,5.5,0.004726771773796632
FALSE,6,9.5,0.004737098697865931
FALSE,19.5,7.5,0.004743739130883115
TRUE,8.5,10.5,0.004749313193014111
FALSE,18,3,0.0047563481560754794
FALSE,18.5,21.5,0.004760587393962217
FALSE,5.5,10,0.004762709577297419
FALSE,5.5,8.5,0.004797564904415802
FALSE,20.5,2.5,0.004814796728948849
TRUE,1,12.5,0.0048252807660088305
TRUE,19.5,9,0.00483090145771297
FALSE,10,15,0.00483574372509699
TRUE,21,2.5,0.004839621647533686
FALSE,9,11.5,0.004849448580520752
TRUE,20.5,2.5,0.004852678178721059
FALSE,10,17,0.00486164059385499
FALSE,10,16,0.004862706486302653
TRUE,16,18.5,0.004885075508780439
FALSE,2.5,12,0.004885115871621911
FALSE,2,11.5,0.004885306054076765
TRUE,24,2,0.004885838653583479
TRUE,8.5,12,0.004889358551719516
TRUE,8,14,0.004904287993271617
FALSE,12.5,16.5,0.00492982076537189
FALSE,23.5,0,0.004939964831532669
FALSE,20.5,1,0.004951759265731551
TRUE,9.5,10.5,0.0049659576371811395
FALSE,9,16,0.004990979482954686
TRUE,6.5,10.5,0.005001345576096448
TRUE,2,12.5,0.0050128184622957135
FALSE,19,23,0.005018932606322947
FALSE,22.5,12,0.005023264907778453
TRUE,5.5,10,0.005027755670879565
TRUE,19,1,0.005041835157852408
FALSE,19,0,0.00506985254223076
FALSE,8.5,15,0.005089747451901229
TRUE,8.5,9.5,0.005091922061078656
TRUE,10.5,13,0.005096173794584894
TRUE,24,1,0.005103101383641013
TRUE,8,15,0.005119703300893854
TRUE,5.5,9,0.005143334306472087
TRUE,1.5,2,0.005145118687756483
TRUE,3.5,11.5,0.0051545438676726145
FALSE,5,8.5,0.005158648503781183
FALSE,20.5,0,0.0051642868171973945
TRUE,3.5,13,0.0051647529145308615
TRUE,12,18,0.005182584028654955
FALSE,10.5,14.5,0.005201231643582499
FALSE,20.5,22.5,0.005205647615776216
FALSE,10,12.5,0.005228215516293029
TRUE,8.5,13,0.005309150932910407
FALSE,5.5,12,0.005334103638440775
FALSE,2,2.5,0.0053368920567381595
FALSE,11,16,0.005340151995129397
FALSE,21.5,23.5,0.0053427431938036386
FALSE,4,5,0.005343416644845167
TRUE,8.5,9,0.00534363406541253
TRUE,8.5,11,0.005361012761248417
FALSE,20,10,0.0053684743014662285
TRUE,1.5,4.5,0.005397391954394367
FALSE,16.5,20,0.005420293891630137
FALSE,24,3,0.005428467890601086
TRUE,18.5,21,0.005431227859386708
TRUE,8,13,0.005433858545499519
FALSE,10.5,11,0.005449036519679671
TRUE,4.5,6.5,0.0054554360911584785
TRUE,10.5,13.5,0.005493102598179267
FALSE,19.5,21.5,0.005514772169771534
TRUE,5,9.5,0.005518402384462553
FALSE,5.5,9,0.005525024542723238
TRUE,9,9.5,0.005549661037504198
TRUE,16,20,0.005553347029466759
TRUE,19.5,22.5,0.005557772638912885
FALSE,7.5,13,0.005558836204111085
TRUE,17.5,21,0.005572943763346129
TRUE,4,12,0.00558757760524329
FALSE,9,14,0.00559467951387499
TRUE,23,23.5,0.005594826885148381
FALSE,3,12.5,0.005603391796583006
FALSE,7,11.5,0.0056155516953823
TRUE,0.5,11.5,0.005624062369694575
TRUE,17,22,0.005667365298544
TRUE,5,13,0.0056880152419286276
FALSE,17,21,0.005699269755569624
FALSE,14.5,18,0.005716945869933469
TRUE,15.5,18.5,0.005717426163361868
FALSE,9.5,12.5,0.0057181590956375495
FALSE,1.5,2,0.005723226092371652
TRUE,18.5,4,0.0057251677071821225
TRUE,2.5,11.5,0.005727122586124636
TRUE,3.5,9.5,0.00573699538837539
FALSE,17.5,21,0.005764745176545502
FALSE,8.5,9,0.005771563718502962
TRUE,0.5,12.5,0.005773947230444711
TRUE,6.5,10,0.005775643731158221
TRUE,2.5,4.5,0.005794078102343425
FALSE,11,13.5,0.005805129758862726
FALSE,3.5,4.5,0.005833341796350694
FALSE,7,7.5,0.005838233442356667
FALSE,6.5,9.5,0.005848991802617584
TRUE,1,13,0.005859369271851985
TRUE,21,0.5,0.005866397606096623
FALSE,21.5,1.5,0.00587944097379564
TRUE,18,6,0.0058863097870363364
TRUE,19.5,2,0.005888068906615526
FALSE,5.5,8,0.005895124317156372
FALSE,19,3.5,0.005897197240313553
FALSE,7,9.5,0.005902177587440324
TRUE,3,4.5,0.005911364874115469
TRUE,19,8.5,0.00591586432314887
TRUE,7.5,8,0.005923373738291116
TRUE,16,22,0.0059290230322781926
TRUE,9.5,11.5,0.0059334880198212096
TRUE,4,6.5,0.005935871442855309
FALSE,4.5,11,0.005949813879241689
TRUE,18.5,22,0.0059534955919761
FALSE,19.5,22.5,0.00596225280474548
FALSE,23.5,0.5,0.005984341035769738
TRUE,9,13,0.005994223342596896
TRUE,19.5,22,0.005997463401365719
TRUE,21.5,23.5,0.0060236842972880575
TRUE,17,21,0.006043541807373222
FALSE,7.5,10.5,0.006076331847868431
FALSE,8,8.5,0.0060872198083180475
TRUE,21,12,0.006088321083060495
FALSE,3,3.5,0.006090139457876612
FALSE,0,1.5,0.00610128111420674
FALSE,18.5,5,0.006118326596908983
FALSE,1.5,3.5,0.006136309215734013
TRUE,2,3.5,0.006139810584027008
TRUE,5,6.5,0.006152336430884883
TRUE,20,9.5,0.006170496384543481
TRUE,21,21.5,0.006188607187218638
TRUE,0,1,0.006190796359050921
FALSE,6.5,8.5,0.00621139059506281
TRUE,20,22.5,0.006214256067645439
FALSE,18,5,0.006218054214953134
TRUE,1,3.5,0.006246264578587268
FALSE,7,15,0.006278995674874271
TRUE,17.5,20.5,0.006282191624914081
TRUE,18,20.5,0.006286931324075195
TRUE,9.5,10,0.006294745621606441
FALSE,19.5,3.5,0.0062976085675387865
FALSE,4,10,0.006316479941954619
TRUE,19.5,3,0.006328593833196662
TRUE,20.5,3,0.0063328679855236695
TRUE,7.5,12,0.006335850653909277
TRUE,20,1,0.006341540419410336
FALSE,7.5,9,0.006355369367540419
TRUE,11.5,14,0.00635689704770867
FALSE,11.5,15,0.006358201010749462
FALSE,21,11,0.006358883547490895
TRUE,21.5,0.5,0.006362693591044268
TRUE,0.5,2.5,0.006393431935907567
FALSE,0,2.5,0.006399719579063095
TRUE,9.5,16,0.006402926363059192
FALSE,12,17,0.006414839203497986
TRUE,5.5,9.5,0.006420516427729973
TRUE,4,8.5,0.006430093253285411
TRUE,22.5,12,0.006448816173470519
TRUE,0.5,4.5,0.006453434314814347
FALSE,4.5,9,0.00645961974680707
FALSE,13.5,17,0.0064666545952157305
TRUE,20.5,21.5,0.0064744842226300454
FALSE,4,9.5,0.0064779700576751845
FALSE,12.5,17,0.006479452097244192
FALSE,23,23.5,0.006486725875407361
TRUE,8,10.5,0.0065125221973702735
TRUE,19,2,0.006514961648604277
FALSE,20,21.5,0.006519439881671015
TRUE,11,12.5,0.0065221023861258675
FALSE,10.5,13,0.006530949677321873
FALSE,8,13,0.006536679274141824
TRUE,10.5,12.5,0.006552055634895425
FALSE,0.5,3.5,0.00655328910841738
FALSE,21,23.5,0.0066409951855472375
TRUE,20.5,22.5,0.006645624862782091
FALSE,5.5,6.5,0.006661894770264959
FALSE,20.5,23,0.006667973330122054
TRUE,0,2.5,0.006678087262469595
FALSE,7.5,11,0.006680285455395205
FALSE,2.5,9.5,0.006698203481364528
TRUE,4,11,0.006704351035423515
FALSE,1,2.5,0.006713795436956737
TRUE,15,19,0.006742464222177987
FALSE,21.5,11,0.006774411845303656
TRUE,9,14,0.006811824615028281
FALSE,18,20.5,0.006833485366430679
FALSE,21,1.5,0.0068350876819404036
FALSE,22.5,10.5,0.006837930250651399
TRUE,21,10.5,0.0068439042207034465
TRUE,7.5,15,0.006866580529885914
TRUE,18.5,9,0.006866930197130801
FALSE,16.5,19,0.006873403989806108
FALSE,4.5,5.5,0.006875680305017939
TRUE,1.5,3,0.006890196800726244
TRUE,0,1.5,0.006893211856880166
FALSE,10,10.5,0.006898547643009138
TRUE,6.5,8.5,0.006926588390959765
TRUE,7.5,10,0.006927750429399208
FALSE,4,5.5,0.006942815337769926
FALSE,3,4.5,0.006962230029287263
FALSE,2.5,10.5,0.0069664226817163
TRUE,3.5,10.5,0.0069923148234194155
TRUE,23,1.5,0.0070029262100631045
TRUE,6.5,9.5,0.0070068309533111274
TRUE,13,16.5,0.0070112848558670825
FALSE,7,14,0.0070183093337085195
TRUE,2.5,5.5,0.007022391183412607
TRUE,20.5,2,0.007022517310959253
FALSE,8.5,12,0.0070233804185603
FALSE,19.5,21,0.007026447938108457
FALSE,0.5,1.5,0.007027679382921963
FALSE,1,11.5,0.0070463484536587495
FALSE,18,22,0.007055768836516562
FALSE,15.5,18.5,0.007067198855726575
TRUE,22.5,23.5,0.007069396807113257
TRUE,0,13,0.007071643213674646
FALSE,7.5,8.5,0.007076781671934118
FALSE,19,8,0.007094481363793581
TRUE,22,0.5,0.00709969335868615
TRUE,7,15,0.007099937152993399
FALSE,16.5,19.5,0.007106582138451845
TRUE,21,23.5,0.007115542929572324
FALSE,19.5,22,0.007117210320044973
FALSE,8.5,9.5,0.007118197912068021
TRUE,1,2.5,0.00712708519120081
TRUE,21.5,2.5,0.007143995874358528
TRUE,23.5,0,0.007159089509453656
TRUE,6.5,9,0.007207915785722891
FALSE,4,6.5,0.0072280194236485325
TRUE,19.5,20,0.0072284068442929885
TRUE,0.5,1,0.00723290489073619
FALSE,0,3.5,0.007237577568021151
FALSE,6.5,10,0.007238556837698142
FALSE,5,12,0.007260750211769446
FALSE,8,9.5,0.007265850614179961
FALSE,7.5,8,0.007268611211807798
FALSE,18.5,4,0.007275560117307807
TRUE,7,12,0.007279457990577327
FALSE,3.5,9.5,0.00729255416308082
TRUE,10.5,11,0.007296654048054982
FALSE,21.5,0.5,0.007309630710706467
TRUE,18.5,20.5,0.0073111383331165205
TRUE,20.5,11,0.007348843750704133
TRUE,11.5,16,0.007389394752337374
TRUE,9,15,0.007394891314808863
TRUE,19,3,0.007403424417194909
FALSE,8,16,0.007406024267507974
FALSE,4,7.5,0.00740931494878271
FALSE,9.5,11,0.007426031288811206
FALSE,1.5,12,0.007431800025406985
TRUE,7,7.5,0.007445324084713005
FALSE,2.5,4.5,0.007460549380512307
FALSE,20.5,2,0.007465674317592602
FALSE,17.5,20,0.007474761508423052
FALSE,6,6.5,0.007476955584185136
FALSE,4.5,7.5,0.007484778798207998
FALSE,16,20,0.007487667078694361
TRUE,7.5,9.5,0.00748872595649795
TRUE,19.5,20.5,0.007488744959332911
TRUE,16.5,19.5,0.007494204074154234
TRUE,10,16,0.007497223089232108
TRUE,7,16,0.0075271441085903055
FALSE,3.5,9,0.007547052608779458
TRUE,7.5,8.5,0.007548937117742646
FALSE,19.5,20,0.0075510284299515245
TRUE,5,9,0.007554383767609133
TRUE,1.5,13,0.007570560986582224
FALSE,19.5,2,0.00758728276998051
FALSE,7.5,9.5,0.007621724001491014
TRUE,6.5,8,0.007634012659044196
TRUE,4,7.5,0.0076464820629577514
TRUE,1,4.5,0.007650534387349826
FALSE,8.5,14,0.007667016152898388
FALSE,2,3.5,0.007728848846328484
FALSE,21.5,2.5,0.007732961146819436
FALSE,20,2.5,0.007739776793399606
TRUE,7,14,0.007757566301857915
TRUE,21.5,10.5,0.007782329559685871
TRUE,17,19.5,0.007810664445589479
FALSE,23,11.5,0.007819407302459025
TRUE,5.5,7,0.00782360070843765
FALSE,9,9.5,0.007852822848800345
TRUE,12.5,15.5,0.007856345149408167
TRUE,10,13,0.007868200354548898
FALSE,18,4,0.007875238764373226
FALSE,23.5,2.5,0.007885760732434811
FALSE,5.5,6,0.007897221434891303
FALSE,9,10.5,0.00789854500100867
TRUE,11.5,14.5,0.007918304269836918
TRUE,15,20,0.007922933873208183
TRUE,4.5,7.5,0.007939460608610012
TRUE,10,15,0.007956981297851573
TRUE,4.5,9,0.007961580828482431
FALSE,9.5,11.5,0.007974970497371716
FALSE,3,9.5,0.007976354106040211
TRUE,6,12,0.007994952506281983
FALSE,0.5,4.5,0.007998075011789053
TRUE,0.5,3.5,0.00805177302637241
FALSE,0.5,10.5,0.008096771783079989
FALSE,14.5,17.5,0.008113107874490965
FALSE,19,6.5,0.008117327906275605
FALSE,17.5,19.5,0.008126199193204738
FALSE,3.5,8.5,0.008146530338726532
FALSE,7.5,12,0.008164942433546742
TRUE,22,12,0.008199197464902816
FALSE,20.5,21.5,0.00825736830366563
FALSE,20,8.5,0.00828095190313273
TRUE,20,20.5,0.008326974020256419
FALSE,24,11,0.008337452203165008
FALSE,8.5,10.5,0.008338272182363191
TRUE,20.5,22,0.008399393168240238
TRUE,5,12,0.008401151903238245
FALSE,0.5,12,0.008425087192967744
TRUE,5,11,0.008442989230900541
FALSE,18,6,0.008459791871011431
TRUE,4.5,12,0.008470338209006043
TRUE,20,0,0.008470977820300225
FALSE,20,0,0.008475757995227031
TRUE,9.5,12,0.008476586522120402
FALSE,8,11,0.008500581206797444
TRUE,23.5,11.5,0.00850573875615153
FALSE,11.5,13,0.008510450638520201
TRUE,20.5,3.5,0.008519752849241528
TRUE,13.5,16.5,0.008522855808588758
TRUE,11,11.5,0.008530596651113914
FALSE,6.5,7,0.008534257575643089
FALSE,19,5.5,0.00853887477506765
FALSE,19,20.5,0.008583022271415847
FALSE,12.5,16,0.008598329454276738
FALSE,19,22,0.00860751639100398
FALSE,11,11.5,0.008611621591707773
FALSE,6,13,0.008623432464851052
FALSE,15.5,19,0.008630437190601215
FALSE,10.5,12.5,0.008646960998476292
FALSE,19.5,3,0.008651541479388014
TRUE,17,20,0.008659007162156056
FALSE,22,12,0.008706294733810046
FALSE,22.5,23.5,0.0087085259634352135
TRUE,23.5,1.5,0.00873390270378994
FALSE,6,8.5,0.00874238192916477
FALSE,11.5,14.5,0.00875782085914706
TRUE,21.5,12,0.008763071452189547
TRUE,0.5,3,0.008775391171073753
FALSE,1.5,3,0.008778171744522278
FALSE,0,12,0.008814585601650743
FALSE,1,12,0.00881690676390116
FALSE,9,13,0.008842092467166567
TRUE,19.5,7.5,0.008859296756087959
FALSE,22,10.5,0.008863715979699033
TRUE,21.5,22.5,0.008875855449432072
TRUE,18.5,20,0.008879109081654438
FALSE,1.5,4.5,0.008889200726834499
TRUE,21,22.5,0.008927824824766986
FALSE,8,15,0.008934912233834863
FALSE,1,2,0.008940337681855893
FALSE,8,14,0.008944079666274907
FALSE,5,11,0.008960078400012714
FALSE,6.5,7.5,0.008979760644072018
FALSE,20,1,0.008995100427509561
FALSE,7.5,10,0.009014952818967052
FALSE,21,21.5,0.009028672303351673
FALSE,11,15,0.009036646727037214
TRUE,20.5,23.5,0.009057624443044735
FALSE,3.5,10,0.00906226950405407
FALSE,23.5,1.5,0.009071298518972098
TRUE,20,21.5,0.009076762032235584
TRUE,3,13,0.009077045491190412
FALSE,21.5,22.5,0.009119513528409682
TRUE,22.5,2.5,0.009142001147549808
FALSE,1,3.5,0.009160856453773791
TRUE,3.5,4,0.009161040962630302
FALSE,18.5,20.5,0.009169345476354144
FALSE,23,0.5,0.00917388614955542
TRUE,23.5,1,0.009192625559536363
FALSE,8.5,10,0.009245297019432946
FALSE,20,20.5,0.009249583263218371
TRUE,21.5,11,0.00925762573682338
FALSE,5,7.5,0.009272378565653843
TRUE,9.5,11,0.00931463013950528
TRUE,7,11,0.009329491970177121
TRUE,24,12,0.009388533778399074
FALSE,12,14.5,0.009422061878457705
FALSE,6,11,0.009436669578718101
TRUE,8,12,0.009443657835480028
TRUE,12.5,17,0.00945119530996707
TRUE,0,3.5,0.009460146791436159
FALSE,4,8,0.009470577905750687
FALSE,0.5,2.5,0.009483060172458325
TRUE,0.5,12,0.009485420335709262
FALSE,19.5,4.5,0.009494362610192745
TRUE,11,13.5,0.009511253106268342
TRUE,11.5,13.5,0.009530015306519844
FALSE,5.5,7.5,0.009558564420000552
FALSE,9.5,12,0.009573210204461537
FALSE,22.5,1.5,0.009590920431200476
TRUE,10.5,11.5,0.009592280131285618
FALSE,0,1,0.009622538100318065
TRUE,15,17.5,0.009637457991436183
TRUE,10,10.5,0.009660013851300072
TRUE,19.5,6.5,0.009661526695646338
FALSE,9.5,10.5,0.009666510234010727
FALSE,6.5,9,0.00968973772294391
FALSE,10,11.5,0.009698847393948818
FALSE,19.5,6.5,0.009701373290086822
TRUE,1.5,5,0.009709980833064265
FALSE,7,12,0.009720742857253432
TRUE,20,2,0.00973876417833213
FALSE,2,10.5,0.009761085809949267
TRUE,2,4.5,0.00978809816963115
FALSE,2.5,8.5,0.009791689858466696
TRUE,20.5,23,0.009830563925570069
TRUE,7,10,0.009837656884535188
FALSE,3.5,11,0.0098693180545999
FALSE,7,11,0.009885676489020192
FALSE,12.5,15.5,0.009905086132263837
TRUE,21,1.5,0.009916309090579747
TRUE,19,6.5,0.009928576928708188
FALSE,8.5,11,0.009930034325135798
FALSE,23.5,12,0.009960917653815057
FALSE,23.5,11,0.01000620851109911
TRUE,3,5.5,0.010057515718562228
TRUE,3.5,5.5,0.01011095086098204
TRUE,22.5,1.5,0.010139962504197691
TRUE,4.5,8,0.010156970365741973
TRUE,23.5,0.5,0.010172314596952736
FALSE,3.5,7.5,0.01022359580872925
TRUE,8,8.5,0.010239858145342243
FALSE,10.5,12,0.010244879291850079
TRUE,2.5,12,0.010252344229522042
FALSE,2.5,11,0.010277894974958198
TRUE,8,9.5,0.010282240575358023
TRUE,21.5,3.5,0.010285918649472684
TRUE,3.5,6.5,0.01030102623506173
TRUE,22,23.5,0.010345870248581598
FALSE,13,15.5,0.010347263739108319
FALSE,11.5,14,0.010349960316395831
FALSE,15,19,0.010374929889139246
TRUE,6,11,0.01038088708173623
TRUE,6.5,7.5,0.010419404470855601
FALSE,19.5,20.5,0.010423774248042512
TRUE,11,15,0.010440416478572686
FALSE,18,21,0.010444030170409895
TRUE,1.5,12,0.010466920682633699
TRUE,3.5,5,0.010469716271125445
TRUE,11.5,13,0.010514872979310908
TRUE,1.5,5.5,0.010533869253768759
TRUE,6,8.5,0.010570721180138387
FALSE,6.5,8,0.010639696845567035
FALSE,7,8.5,0.01064239437704686
FALSE,18.5,20,0.010642815793098868
TRUE,18,21,0.010657704545743498
TRUE,3.5,12,0.010659981190943059
TRUE,24,11,0.010663338132228506
FALSE,3,10.5,0.010664649213030354
FALSE,0.5,2,0.010701603080387598
FALSE,20.5,8.5,0.01070244368803079
FALSE,6,7.5,0.010781636082672772
TRUE,19.5,4,0.010804235730377847
TRUE,10,14,0.010816335385876081
TRUE,20.5,9.5,0.010818476824396737
TRUE,11.5,12,0.010830555840704777
FALSE,3.5,4,0.010844729198544097
TRUE,1,2,0.010862619407082339
TRUE,19,19.5,0.010877563583372342
TRUE,5.5,8,0.01087910009077262
TRUE,23.5,12,0.010891489486718345
TRUE,13.5,17,0.010899125610049416
FALSE,21,22.5,0.010932839334371468
FALSE,4,9,0.011001029942366763
TRUE,22,22.5,0.011040932275168194
TRUE,20.5,0,0.01110274428952377
TRUE,20.5,21,0.011179689648866892
TRUE,0.5,2,0.011210775722987544
FALSE,19.5,8,0.011240588921102402
TRUE,12,14.5,0.011362268133085638
TRUE,23,3.5,0.011382544414375839
FALSE,13,17,0.011413708276478123
FALSE,18,19.5,0.011453107058864735
FALSE,20,23,0.011459740630642836
TRUE,14.5,18,0.011491530468827301
FALSE,1.5,10.5,0.011516782071025411
FALSE,19,19.5,0.01154154547561092
FALSE,6,12,0.011551761744311082
FALSE,6,10,0.011561002992471887
TRUE,6,14,0.011575905092069497
TRUE,22,1.5,0.011631766790942445
TRUE,4,9,0.011633278835963112
FALSE,23.5,3.5,0.011646147614890924
FALSE,9,12,0.011655197115125115
FALSE,1.5,11,0.01166900254838209
FALSE,15,17.5,0.011677909009225258
FALSE,12,16,0.011683534092168718
FALSE,22,22.5,0.011693895845377696
TRUE,11.5,12.5,0.011749121211298787
TRUE,22.5,0,0.011794428418920812
FALSE,5,10,0.011857619263109855
FALSE,20.5,21,0.011878467917813012
TRUE,4.5,7,0.011915685357986958
TRUE,24,10.5,0.011915700899591264
TRUE,4.5,6,0.011942015067761868
FALSE,2.5,5.5,0.011950847057319303
TRUE,3,6.5,0.011952761427319429
FALSE,2,3,0.01197343354967691
FALSE,10,13,0.012008719312946484
TRUE,8,10,0.012054013855798537
FALSE,10.5,11.5,0.012057950984472219
FALSE,23,1.5,0.012064976284994075
TRUE,19,5,0.012078670260383877
TRUE,23,11.5,0.012098615922508996
TRUE,6,10,0.012105062935901613
TRUE,6,7,0.01212338099013076
FALSE,24,9.5,0.012144652607211795
TRUE,16.5,19,0.012165636282131685
FALSE,22.5,0.5,0.01216709746463019
FALSE,0,10.5,0.012170550328779173
TRUE,5,10,0.01218543866891385
FALSE,10,14,0.012194673422614833
TRUE,21,11,0.012202768424908904
FALSE,5,6.5,0.012206531459694902
TRUE,22.5,3.5,0.012214442454608064
TRUE,21.5,1,0.012228409357324575
TRUE,23.5,2.5,0.012236762302278065
FALSE,23,10.5,0.012325506508289941
FALSE,11.5,12,0.012343394184980093
FALSE,16,18.5,0.01237722601262605
FALSE,21,1,0.012387842341361574
FALSE,23,12,0.012419142204802803
FALSE,5,9,0.012419710426323607
FALSE,21,2.5,0.012438751262311904
TRUE,22.5,0.5,0.012502834349328713
TRUE,2,3,0.012560234448344625
FALSE,1.5,5.5,0.012573878621897096
FALSE,22,23.5,0.012600274950692538
TRUE,3.5,7.5,0.012602637592958673
TRUE,19,4,0.012650552328873604
FALSE,0.5,11,0.012654493469780157
FALSE,0.5,3,0.012660557758498512
FALSE,22,0.5,0.012663339965600323
TRUE,19,9,0.012678097194536157
FALSE,23.5,1,0.012697087994288475
FALSE,24,10,0.012697222052344376
FALSE,4.5,6,0.012707063204192537
TRUE,4,8,0.012718908120263944
TRUE,8,9,0.012787439114776294
TRUE,21.5,0,0.012790934671185644
TRUE,2.5,7.5,0.012847656625380925
TRUE,2,5.5,0.012859173474488053
TRUE,5,8,0.012869654352375925
TRUE,0,4.5,0.012901646605336733
TRUE,6,7.5,0.012909994852367136
FALSE,19.5,7,0.012948929100876512
FALSE,4.5,6.5,0.012964160494031303
TRUE,20,3,0.012977224439235383
TRUE,23,0.5,0.012994635711359772
FALSE,7,8,0.01300224814163724
TRUE,23,2.5,0.013056682305155802
TRUE,7.5,9,0.013127888944075421
TRUE,19,8,0.013134383766187738
TRUE,16,19,0.013198853975521972
FALSE,1,4.5,0.013206913864110163
TRUE,19.5,8,0.013272424657600354
FALSE,19,3,0.013306599080233524
FALSE,5.5,7,0.013333572930942943
FALSE,21.5,0,0.013349456508578147
TRUE,6,9,0.01336158549924528
FALSE,17.5,19,0.013383155849603664
FALSE,11,12.5,0.013391774800376326
TRUE,0,11.5,0.013400845363814268
FALSE,3,8.5,0.013403464401640662
FALSE,2,12,0.013429795237061403
TRUE,19,22,0.013500313969028737
FALSE,22.5,2.5,0.013515239976816851
TRUE,19.5,6,0.013614097688828753
TRUE,11,13,0.013618415645706667
FALSE,3.5,5.5,0.013638810525906946
FALSE,17,20,0.013643910355802076
TRUE,12.5,16,0.01364725354117616
FALSE,22.5,0,0.013669408172390343
FALSE,2.5,7.5,0.013699000887387302
FALSE,23.5,10.5,0.013752999554602918
FALSE,14,18,0.013837365899009585
TRUE,4,10,0.013879611233510947
TRUE,7,8,0.013895492558737604
FALSE,4.5,7,0.013911997603284732
TRUE,2.5,10.5,0.013971067881547351
FALSE,22.5,11,0.014012227722854313
FALSE,10,12,0.014015000241922327
FALSE,14,16.5,0.014021278165353411
FALSE,24,4,0.014068140022748305
TRUE,0,12,0.01408385966090324
FALSE,21.5,1,0.014093736171836001
FALSE,18.5,19.5,0.01411472568619712
TRUE,2.5,8.5,0.014129142903838956
FALSE,1,10.5,0.014183260659215364
TRUE,4,6,0.014193220976100328
TRUE,13,17,0.014236812257888662
TRUE,22,2.5,0.014322743854282751
FALSE,13.5,16,0.014445345452623229
FALSE,3.5,8,0.014446105973713074
FALSE,21.5,9.5,0.014454445185118856
TRUE,21.5,23,0.014503529503971867
TRUE,4,7,0.014503563844809332
FALSE,20.5,9,0.014518014353497508
TRUE,2,11.5,0.014524431287705373
TRUE,23.5,4.5,0.014536319061593798
FALSE,21.5,23,0.014541610336591685
TRUE,22.5,1,0.014553259553563656
FALSE,12,15,0.01455360312053523
FALSE,20.5,22,0.014572252045886861
FALSE,11,14,0.014590536398211527
TRUE,21,22,0.014625064849651797
TRUE,20.5,10,0.01463791486828432
FALSE,23,2.5,0.014670566615447894
TRUE,1.5,6.5,0.01475057869521814
FALSE,2,11,0.014807214238949679
FALSE,4.5,8,0.014842315723829318
FALSE,3.5,5,0.014849677386086118
TRUE,3.5,8.5,0.014850785711386975
TRUE,3.5,11,0.014853439811707147
FALSE,2,4.5,0.014890665331037826
FALSE,2.5,10,0.014905333297488174
TRUE,15.5,18,0.014928838219631571
TRUE,14,18,0.014943365728601839
FALSE,3,7.5,0.014952215446378918
TRUE,9,10,0.014981648523199139
TRUE,14.5,17.5,0.014986789619544754
FALSE,20.5,3.5,0.015024972255201639
TRUE,17.5,19.5,0.01504319449032446
TRUE,12,16,0.015076778456937426
TRUE,20,23,0.015103323147594036
TRUE,3,11.5,0.015135358458565805
FALSE,12,12.5,0.015183709406832852
FALSE,13.5,16.5,0.015242107899519183
FALSE,19.5,5.5,0.015251133825239606
FALSE,16.5,18.5,0.015275544059396256
FALSE,12,13.5,0.015282613184181813
TRUE,18.5,19,0.015308568220894351
FALSE,11.5,12.5,0.015313571953690607
TRUE,20,8.5,0.015333825499645626
TRUE,9,11,0.015336112219364038
TRUE,21.5,22,0.015353274855982747
TRUE,10.5,12,0.015386520888847333
TRUE,19.5,5,0.015414018368075405
TRUE,3.5,6,0.01542568196129695
TRUE,19,21,0.015436870483644487
FALSE,21,9.5,0.015467930087207172
FALSE,4,6,0.0154938799196021
FALSE,16,19,0.015549445907324457
TRUE,21,0,0.01559629768583725
FALSE,20,22,0.015628503379173757
FALSE,1.5,4,0.015640917972773637
TRUE,23,12,0.015650612184444853
TRUE,12,13.5,0.015686690876410975
TRUE,5,7.5,0.015750928632812473
FALSE,22.5,3.5,0.015797677143382545
TRUE,2.5,6.5,0.01588813138609122
FALSE,10,11,0.015928049855122722
TRUE,24,5,0.016001878646086858
FALSE,1.5,5,0.01602304945026917
TRUE,19.5,7,0.016052310247165837
FALSE,8,12,0.016074770567786653
TRUE,22.5,10.5,0.01613185724543119
FALSE,18.5,19,0.016180877688997026
TRUE,22.5,23,0.016221619164843847
TRUE,19,6,0.01625177833044446
FALSE,8,9,0.01629880995448942
TRUE,11,14,0.01633738059715156
FALSE,22.5,23,0.016337694811879532
TRUE,9,12,0.01639838061735295
FALSE,19.5,5,0.01644860389992796
FALSE,22,2.5,0.016570114902444325
TRUE,22,3.5,0.01658784248641411
FALSE,1.5,10,0.016611053733328707
FALSE,17,18.5,0.01674232317711103
FALSE,18,18.5,0.0168574375427455
TRUE,18,19.5,0.01686655511370911
FALSE,22.5,1,0.016944492064565504
FALSE,3,12,0.0169482990205353
TRUE,14,16.5,0.017036366626208596
TRUE,22,10.5,0.017166186152218207
TRUE,7,9,0.01717211232203514
FALSE,21,2,0.01720231828278309
FALSE,6,9,0.01727294294590652
TRUE,23.5,3,0.017290311463650315
FALSE,21.5,10,0.01731886884799161
FALSE,7,10,0.017323132963460986
TRUE,20,4.5,0.017381038613966854
FALSE,22,11,0.017397789664592815
TRUE,14.5,17,0.017399035535366782
TRUE,17,18.5,0.017399253132908694
FALSE,21.5,2,0.017456556791587138
TRUE,24,5.5,0.017521228597819762
FALSE,23.5,2,0.01753194710260381
FALSE,19,7,0.017533790640911436
TRUE,21,2,0.017574057248172032
FALSE,11.5,13.5,0.01757479852251873
FALSE,9,10,0.017608958458136148
TRUE,20,10,0.017676546942186445
FALSE,23,0,0.017690201492563014
TRUE,1.5,11.5,0.017724179440757368
TRUE,10,11,0.01776878071568304
TRUE,13,15.5,0.017781635598136416
FALSE,3.5,7,0.0178480910083283
FALSE,20,3.5,0.017874498769540354
TRUE,21,1,0.017901979315248177
FALSE,5,6,0.018014717150632915
FALSE,4,7,0.018030908997985082
FALSE,9,11,0.01811288273201024
FALSE,2.5,4,0.018120693771135593
TRUE,1.5,4,0.018177008627567288
FALSE,21,10,0.01819242976116991
FALSE,2.5,5,0.01822721086703581
FALSE,6,7,0.018233138109883588
TRUE,3.5,10,0.018271694551017757
FALSE,20,21,0.018278259448940008
FALSE,1.5,8.5,0.018298947143327818
FALSE,20,7.5,0.01831929635886649
TRUE,22.5,11,0.018444330970668638
FALSE,3,11,0.018479765453032787
TRUE,18,18.5,0.01850574485300937
FALSE,1.5,9.5,0.018506364589440088
FALSE,14.5,17,0.018515170010263145
FALSE,0,2,0.01852131977970325
FALSE,20,9,0.018586727458988796
FALSE,15.5,18,0.018596918948507398
TRUE,5,7,0.018606165537959393
TRUE,21,3.5,0.018682907680080553
TRUE,3,5,0.018739604349948206
FALSE,3,10,0.018754965100904127
FALSE,3.5,6,0.018767922975823297
FALSE,17.5,18,0.018787771276181257
TRUE,15.5,17.5,0.018818340432394855
TRUE,18,20,0.0188333631311136
TRUE,19,7,0.01887500568725836
FALSE,20,2,0.018923754504522907
FALSE,0,11,0.018930708538806584
TRUE,3.5,7,0.018949572804102154
TRUE,3,4,0.019069871261287157
FALSE,11,13,0.019102749245376194
FALSE,21.5,22,0.0191211081320477
FALSE,3.5,6.5,0.01917053466753431
FALSE,6,8,0.019197336802391933
TRUE,2.5,5,0.019200148785782543
TRUE,24,4,0.01920555322974932
TRUE,20,21,0.019319890097944447
FALSE,15,18,0.019381301668586863
FALSE,21,23,0.019382408149989927
TRUE,0.5,5.5,0.019387170758702055
FALSE,1.5,7.5,0.019406538421140873
TRUE,20.5,8.5,0.019412272568624607
FALSE,17.5,18.5,0.019505579175777835
TRUE,17,17.5,0.019659112638196627
FALSE,21,22,0.019665987780115357
TRUE,3,10.5,0.019909754383259433
TRUE,23,0,0.019956142912517166
FALSE,22,1.5,0.020018639149233956
FALSE,3,5.5,0.020027429797967313
FALSE,8,10,0.020216071891228676
TRUE,1.5,10.5,0.020246719665728195
TRUE,10,12,0.020259491146850356
TRUE,19,20,0.020335835616945932
TRUE,2.5,7,0.020358122503746245
FALSE,20.5,7.5,0.020365183332726147
TRUE,18.5,19.5,0.02037354004668776
TRUE,20.5,4.5,0.020374229774188745
FALSE,5,8,0.020376967446738826
TRUE,2.5,4,0.020434131860355455
FALSE,0,4.5,0.020446396626171443
TRUE,6,8,0.020447596221036146
TRUE,23.5,2,0.020552623102690883
TRUE,3.5,9,0.0205760570518869
FALSE,23,3.5,0.02059334081067445
FALSE,22,23,0.02064438160100207
TRUE,21,23,0.020658405942759087
TRUE,12,12.5,0.020673013716084637
FALSE,23.5,3,0.020712420880060648
TRUE,0,2,0.020771581586921984
FALSE,24,5.5,0.020837582255588682
TRUE,0.5,10.5,0.020970776346091093
TRUE,23.5,10.5,0.021006664904136305
FALSE,15.5,17.5,0.021060610335607636
FALSE,20.5,3,0.021192805891609712
FALSE,3,6.5,0.02119521347684679
TRUE,22,23,0.021358885089409904
FALSE,24,8.5,0.02153886397972051
FALSE,19,6,0.021563864110472664
TRUE,13.5,16,0.02163007482613961
TRUE,3,8.5,0.021647941570579258
TRUE,2.5,6,0.021655870435599214
FALSE,16.5,18,0.02178688822462983
FALSE,2,5.5,0.021799593128258278
FALSE,2.5,6.5,0.021801991893180182
FALSE,24,5,0.021820373051296582
TRUE,16.5,18.5,0.021825838359528366
FALSE,19.5,4,0.021841051263398307
TRUE,22,1,0.021885412661873622
TRUE,16.5,18,0.021953757948919083
FALSE,19,5,0.021955046710329315
TRUE,13,16,0.02195537721668193
FALSE,1.5,6.5,0.021982572415179567
TRUE,17.5,19,0.021996677163777647
FALSE,0.5,5.5,0.02208690273488887
TRUE,20,22,0.022132461920987164
FALSE,19,21,0.022165591151989187
FALSE,21.5,3,0.022188015858058727
TRUE,8,11,0.022212854975234283
FALSE,1,11,0.022245986923281495
FALSE,17,17.5,0.02234651698724013
TRUE,13,13.5,0.02238039412571288
FALSE,3,4,0.022400884154580445
TRUE,21.5,2,0.02241945899254011
TRUE,20,5.5,0.022459044416392328
FALSE,12.5,15,0.02248094869888518
FALSE,23,11,0.022521110832138203
FALSE,21,0,0.022522558550602548
FALSE,1,3,0.022592300821405144
FALSE,20.5,8,0.02269741110089076
FALSE,20,3,0.02275104037640824
TRUE,22.5,2,0.02275805278780175
FALSE,19,20,0.0228154517268474
FALSE,21.5,3.5,0.022959536304342967
TRUE,12.5,15,0.02298438623457694
FALSE,22.5,3,0.023133773236589213
FALSE,7,9,0.02314241842466856
TRUE,5,6,0.023254798989121802
FALSE,2.5,6,0.023539823065087267
FALSE,2.5,9,0.02367798092752268
TRUE,21,3,0.02380574876377078
FALSE,2,8.5,0.02384337878279397
FALSE,14,17,0.02395313187878583
FALSE,19,4,0.024104361162043494
TRUE,23,1,0.02420972251400877
TRUE,21.5,3,0.024363175443573405
TRUE,1,11.5,0.02438877883784922
FALSE,22.5,9.5,0.0244248996749995
FALSE,22.5,10,0.024533387046819104
TRUE,13.5,14,0.024555554730412665
FALSE,2.5,8,0.02461600765166625
FALSE,21.5,8.5,0.024672094661190417
TRUE,23,4.5,0.024866165433523303
TRUE,15,18,0.024988234653294316
FALSE,20,4.5,0.025095166973374182
FALSE,22,0,0.02510365031254659
TRUE,2.5,11,0.02526728096132225
FALSE,11,12,0.02529201554690912
FALSE,0,3,0.02532923627203705
TRUE,20,7.5,0.025442659105476738
TRUE,11,12,0.025548754934302028
FALSE,23,1,0.02555389294960018
TRUE,16,16.5,0.025668617661005876
TRUE,24,9.5,0.025697104569589166
FALSE,18,20,0.025793613974044925
FALSE,5,7,0.025862540213620017
FALSE,19.5,6,0.025929907714455462
TRUE,1,3,0.026014884454147378
FALSE,15,15.5,0.02634350136350421
TRUE,14,17,0.026382638733083576
TRUE,13,14.5,0.02643529874835719
TRUE,21,9.5,0.02645913333311615
TRUE,24,10,0.026513989887591
TRUE,20.5,5.5,0.026536228905345148
TRUE,12,15,0.026545715829393288
FALSE,13,16,0.026557831774866755
TRUE,2,5,0.026558648759204533
FALSE,2,5,0.026605855713257895
TRUE,15,15.5,0.02684536731103158
FALSE,0.5,9.5,0.026950988333228752
TRUE,0,3,0.026972386181126788
FALSE,2,7.5,0.02697482753397913
TRUE,20.5,7.5,0.027120240483390096
FALSE,13,13.5,0.027172846501910812
TRUE,16.5,17,0.02744012354441159
FALSE,2.5,7,0.02754179646268259
FALSE,12.5,13,0.02755987224049562
TRUE,20,6.5,0.027565367346119696
TRUE,2,6.5,0.027656680273905502
FALSE,22.5,2,0.02793849839115621
FALSE,20,8,0.028069634817548622
TRUE,15,16.5,0.02811605917990651
FALSE,1,5.5,0.028227568965659224
TRUE,12.5,13,0.02829283159674975
TRUE,1,5,0.02843502663607844
TRUE,1,5.5,0.028466836612639775
TRUE,16.5,17.5,0.0286058436700164
TRUE,2.5,9.5,0.02880548503351112
TRUE,17.5,18.5,0.02880883486381507
FALSE,16,17.5,0.02889088075671585
TRUE,3.5,8,0.028938985484060632
TRUE,3,7.5,0.029008384380274147
FALSE,16.5,17,0.029064971268152075
FALSE,15,16.5,0.029111253763830936
FALSE,23.5,9.5,0.029164832592393716
FALSE,15.5,16,0.029293118828464054
FALSE,16,16.5,0.02930110216788399
FALSE,13.5,14,0.029322536338843574
FALSE,22,1,0.029495156609895084
TRUE,22,0,0.029501476426921008
TRUE,16,17.5,0.02965833063771933
TRUE,2,12,0.02970743382752246
TRUE,0.5,5,0.029758340092271837
FALSE,0.5,4,0.02976476103806042
TRUE,17.5,18,0.029814827489649087
FALSE,3,8,0.02982073471339293
FALSE,16.5,17.5,0.029872212971076326
TRUE,1,12,0.030176491284572404
TRUE,1.5,6,0.030204116414590247
TRUE,13.5,15.5,0.03032089569755673
TRUE,1.5,11,0.030361508842984778
TRUE,22.5,3,0.030368230115547044
TRUE,1.5,7.5,0.030448347832289037
FALSE,14,14.5,0.030593967815600177
TRUE,3,12,0.030646948059111345
TRUE,3,6,0.030799739742805008
FALSE,15.5,17,0.03119879637572961
TRUE,24,6.5,0.031266262990833606
FALSE,17,19,0.0313799188103787
TRUE,12.5,14,0.03145532512922873
TRUE,14,15.5,0.031803636250371595
FALSE,14.5,16.5,0.03183307585489684
FALSE,23.5,4.5,0.03185540461692958
TRUE,21.5,4.5,0.03187557216832766
FALSE,23,2,0.03208202377287182
TRUE,23.5,11,0.03229825030344586
FALSE,13,14.5,0.032322128475062696
FALSE,13.5,15.5,0.032323316492198675
FALSE,1.5,6,0.03238275271673211
FALSE,12.5,14.5,0.03262425901411653
TRUE,0,5.5,0.03268904750300392
FALSE,2,9.5,0.032693301125438466
FALSE,1.5,8,0.032751702435973966
TRUE,17,19,0.032767300249851514
FALSE,0.5,5,0.0327695886843575
FALSE,3,5,0.032901568858282174
FALSE,2,6.5,0.03296806122164019
FALSE,18,19,0.03298468533600005
FALSE,1.5,9,0.0331082629610225
TRUE,21.5,10,0.033147753829300255
FALSE,14,15.5,0.03323869624608328
FALSE,0.5,10,0.0332996173817082
FALSE,22,3.5,0.033573800951934185
FALSE,12.5,14,0.033647110625745213
FALSE,22,9.5,0.03369833915340989
TRUE,21.5,9.5,0.03389246081500654
TRUE,22,11,0.034171962286176624
TRUE,2,7.5,0.03426071359410573
TRUE,22.5,4.5,0.03429512996783884
TRUE,3,9.5,0.03429629471342819
FALSE,24,9,0.03430174237088465
TRUE,23,2,0.03437090767084092
FALSE,13.5,15,0.034446967333428814
TRUE,2,10.5,0.03445396819525995
TRUE,14,14.5,0.03445477711276466
FALSE,1,5,0.03446924881821443
TRUE,23,10.5,0.034487677565502035
FALSE,3,9,0.03452843971990488
TRUE,0.5,11,0.034552622476210715
FALSE,21,8.5,0.03468091667520902
TRUE,20,9,0.03492702504777396
TRUE,1,6.5,0.03520502976668104
FALSE,14.5,15,0.03577795314881762
TRUE,20.5,6.5,0.035860293371766085
FALSE,14.5,16,0.03616215442449051
FALSE,1,9.5,0.03627588697653077
TRUE,12.5,13.5,0.03640043161165808
TRUE,0,10.5,0.03641330429795801
FALSE,0.5,8.5,0.036414448050818025
FALSE,21,3.5,0.036534007986498945
TRUE,2.5,10,0.03696898991087466
TRUE,12.5,14.5,0.037071562719669604
FALSE,2,10,0.03728101412308213
FALSE,1.5,7,0.0373010348012628
TRUE,24,8.5,0.037368478863868265
TRUE,14.5,16.5,0.037434206585806
FALSE,23.5,10,0.037497866688359714
TRUE,22,2,0.0376021795061558
FALSE,23,3,0.03830763407869239
TRUE,1,10.5,0.03841590606283472
TRUE,20.5,9,0.03845535081292258
TRUE,22,3,0.03851675454533639
TRUE,3,11,0.03870397346906681
TRUE,18,19,0.038786354159524326
TRUE,14.5,15,0.039171083625685804
FALSE,14.5,15.5,0.039197282247818245
TRUE,2,6,0.03937376117467713
TRUE,1,4,0.03944125588879711
TRUE,2.5,8,0.03978077798762818
FALSE,12.5,13.5,0.040095892701019265
TRUE,1.5,9.5,0.04037165749940093
TRUE,24,6,0.04048907487041848
TRUE,0.5,4,0.040595675413032155
TRUE,21,10,0.0407066683327532
TRUE,2.5,9,0.04105821676027015
TRUE,23.5,5,0.04110398469615027
TRUE,23,11,0.041123838104036144
TRUE,20.5,5,0.041242230886047726
FALSE,21.5,9,0.04133599396207362
TRUE,15.5,16.5,0.041371388630789034
FALSE,3,7,0.04143975721125658
FALSE,1,8.5,0.04148638937368942
FALSE,20,6.5,0.0416708938386177
FALSE,24,6.5,0.0417625201760905
FALSE,22,2,0.04194224068754243
TRUE,21,4.5,0.042072945140151606
FALSE,22,10,0.042121202368614025
TRUE,13.5,15,0.04237083614486536
FALSE,16,18,0.04244864309724756
FALSE,2,4,0.0425685442908627
TRUE,20,4,0.042615962347244137
TRUE,15.5,17,0.04296083055435498
TRUE,20,5,0.043341484696661436
TRUE,0,5,0.04346553113124685
TRUE,20.5,4,0.04369515987320597
TRUE,22,4.5,0.043805282727014096
FALSE,13.5,14.5,0.043920774592725344
FALSE,21,3,0.04402515099097768
FALSE,20.5,4.5,0.044198000274147366
TRUE,23,3,0.044213045627461575
FALSE,24,7.5,0.04449679371643427
FALSE,1,4,0.04463919092112121
FALSE,20,5.5,0.044728324514675094
TRUE,2,4,0.04506166316121755
FALSE,0,9.5,0.045103014806930304
TRUE,12,13,0.0452961195055311
TRUE,1.5,8.5,0.045576119137527835
TRUE,1.5,7,0.045822767451905326
TRUE,15.5,16,0.04604339941476456
FALSE,12,13,0.046188383002490854
TRUE,23.5,5.5,0.046669812666966105
TRUE,0.5,6.5,0.04716349671224843
FALSE,22,3,0.04737119142628921
FALSE,3,6,0.047614052861629064
TRUE,3,7,0.048802851331305214
FALSE,15.5,16.5,0.049137572849148665
FALSE,17,18,0.04941606461852876
FALSE,15,17,0.0494179827776569
TRUE,2,8.5,0.04973813236469275
TRUE,12,14,0.04977167316018265
FALSE,20.5,6.5,0.05006928799669111
FALSE,2,9,0.050131022983810475
TRUE,14.5,15.5,0.05036949657177818
FALSE,12,14,0.05072458457234093
FALSE,24,8,0.05171141931557
FALSE,1,10,0.05177238272191428
TRUE,22.5,9.5,0.05199514958880875
TRUE,1.5,10,0.05202707772228318
TRUE,24,7.5,0.052803436885612565
TRUE,21.5,4,0.05295869720346534
FALSE,21,9,0.05303377548726856
FALSE,2,6,0.05312902859342075
TRUE,2,11,0.05313919955255659
TRUE,14.5,16,0.053217286100006346
TRUE,13.5,14.5,0.053309341209150284
TRUE,3,10,0.053337469235621895
TRUE,3,9,0.05334134507495468
TRUE,23.5,4,0.053548960020457975
FALSE,0,4,0.05386258352275108
FALSE,23,9.5,0.05403076892860112
TRUE,20.5,8,0.05455524776333525
TRUE,2,9.5,0.05493327127985535
TRUE,0.5,9.5,0.055706901764278144
FALSE,20.5,5.5,0.05794625502995902
TRUE,0.5,6,0.058379778506665744
TRUE,20,8,0.05870000986250516
FALSE,20.5,7,0.05872049787636017
FALSE,0.5,6.5,0.059142455089591574
TRUE,2,7,0.0596013320531153
TRUE,24,9,0.05986119500679152
FALSE,23.5,4,0.06026589711187881
FALSE,1,6.5,0.06084122848060711
FALSE,2,8,0.06087434733575878
TRUE,1,6,0.061533942493316986
TRUE,3,8,0.06170656624441123
FALSE,2,7,0.06197114448004484
TRUE,0,11,0.06198321424385101
FALSE,23,4.5,0.062046092776383004
FALSE,22.5,4.5,0.062473076576304166
FALSE,0.5,7.5,0.06259048806450654
TRUE,17,18,0.06290552159690345
TRUE,16,18,0.06326112145899718
FALSE,23,10,0.0632823048479815
FALSE,1,7.5,0.06338218306142704
TRUE,21,8.5,0.06357613129577872
TRUE,16,17,0.06434563138582915
TRUE,22,9.5,0.06451620508544911
FALSE,20,7,0.06504630995925686
TRUE,1,11,0.06549511235980868
FALSE,0,10,0.06568576644160416
TRUE,0,4,0.06604683399643418
TRUE,22.5,10,0.06633911801109106
FALSE,0,5.5,0.06678326450276104
TRUE,13,15,0.06812202660594123
TRUE,20,6,0.07052626871619813
FALSE,0.5,9,0.07176374096433519
TRUE,20.5,6,0.07280019401435245
TRUE,21.5,5.5,0.07337651730175987
TRUE,21.5,8.5,0.07350046350393166
FALSE,20.5,4,0.07361888651450411
FALSE,22.5,8.5,0.07435149542477762
TRUE,1.5,8,0.07436285107254213
FALSE,21.5,4.5,0.07510182434822493
TRUE,14,16,0.07532202185923648
FALSE,14,16,0.0753826569511263
FALSE,20,4,0.07539132618485185
FALSE,24,6,0.07559419252724817
FALSE,0,5,0.07581292066187649
TRUE,20.5,7,0.07583094619323867
FALSE,13,15,0.0759134703285234
TRUE,21.5,9,0.07615096484552024
FALSE,0.5,6,0.07641876480168218
TRUE,2,8,0.07719409537530843
TRUE,20,7,0.07762831277081372
TRUE,15,17,0.07770013778611354
TRUE,22.5,4,0.07775595552961942
TRUE,1.5,9,0.07896660384677849
FALSE,16,17,0.07978058784020953
TRUE,1,7.5,0.08004301659022575
FALSE,21,7.5,0.08110842437667841
TRUE,22.5,5.5,0.08128031222089104
FALSE,21.5,7.5,0.08180119805402071
TRUE,0.5,8.5,0.08232081401009476
FALSE,0,8.5,0.08235400376015117
TRUE,23.5,9.5,0.08297183773582299
FALSE,22,8.5,0.08420998268995654
FALSE,0.5,8,0.08428342120060243
FALSE,13,14,0.08551966766487001
FALSE,1,6,0.08609919317993468
TRUE,2,10,0.08611887967107368
FALSE,15,16,0.08638942496473347
FALSE,22.5,9,0.08641075728162761
FALSE,20,5,0.08643261484858826
TRUE,1,9.5,0.08652220011591101
TRUE,0.5,10,0.08766068621548022
TRUE,24,7,0.08806688038665687
TRUE,21,5.5,0.08816142344950881
FALSE,24,7,0.08845184496933325
FALSE,14,15,0.090000136952151
FALSE,23.5,8.5,0.09043918832680173
FALSE,21.5,8,0.09050209393792037
TRUE,24,8,0.09338898148766453
TRUE,13,14,0.09410717706029782
TRUE,0.5,7.5,0.0946408745079634
TRUE,21.5,5,0.0950280742220168
TRUE,22,10,0.09659568552288246
TRUE,23,5.5,0.09692072741622888
FALSE,23.5,5,0.0974113192821217
FALSE,1,9,0.0984622755070753
TRUE,15,16,0.10010954565892737
TRUE,1,8.5,0.10037002306022305
FALSE,23.5,5.5,0.10041617974070684
TRUE,23,9.5,0.1007294486680652
TRUE,0,9.5,0.10199495746845984
FALSE,1,7,0.10339401615806705
FALSE,20,6,0.10378597547046431
TRUE,23.5,10,0.104761387889589
TRUE,21,4,0.10489428628206579
FALSE,20.5,5,0.10533599418950534
FALSE,21,4.5,0.10637814641896066
TRUE,0.5,7,0.10803959631251164
FALSE,20.5,6,0.10857906078191411
FALSE,1,8,0.10963200460137754
TRUE,0,6.5,0.10999735312880835
FALSE,21,8,0.11053698285397973
TRUE,22.5,5,0.11069013706990115
TRUE,23,4,0.11181248705543907
TRUE,14,15,0.11181988231783703
FALSE,0.5,7,0.1124480960680696
FALSE,22.5,4,0.11286750424898133
FALSE,23.5,9,0.11522782538591085
TRUE,21.5,7.5,0.11638368853894886
TRUE,21,9,0.11694087605450004
TRUE,0,6,0.11754580599097342
TRUE,23,5,0.11880136415290203
TRUE,22,4,0.12047347060292068
FALSE,22,4.5,0.12113655214085572
TRUE,2,9,0.12193357493348589
FALSE,0,7.5,0.12308391985599454
TRUE,21,6.5,0.12381738383880782
TRUE,21.5,6.5,0.1243429240782608
FALSE,0,6.5,0.12479156354694652
TRUE,23.5,6.5,0.12490978587676389
TRUE,21,7.5,0.12617848012539926
TRUE,21,5,0.12665154609474957
FALSE,21.5,4,0.13657819290000767
TRUE,1,10,0.13662287301505466
FALSE,22,9,0.13703903903489206
TRUE,1,7,0.13719030242522168
FALSE,0,9,0.13811304874584734
FALSE,23,8.5,0.13936692188240785
FALSE,23,4,0.14596825639257965
TRUE,0,10,0.14663698004494197
TRUE,0,7.5,0.14694776285190272
TRUE,22,5.5,0.14804671699948585
TRUE,22.5,8.5,0.15168838606357105
TRUE,0.5,8,0.15282450557118854
TRUE,23.5,6,0.15327628234781882
TRUE,0.5,9,0.15679198779487288
FALSE,23.5,7.5,0.15729490127026743
TRUE,1,8,0.174282940714075
TRUE,23,10,0.17512739049629814
TRUE,0,8.5,0.17847833463030446
TRUE,22,8.5,0.1788056726995419
FALSE,23,9,0.1808813473733236
TRUE,22,5,0.181586102328207
TRUE,23.5,8.5,0.18327584699849328
FALSE,0,6,0.18376690409686314
TRUE,21.5,8,0.18582266554704183
FALSE,23.5,8,0.18705190680915867
TRUE,23.5,7.5,0.18808208742910593
FALSE,22.5,7.5,0.18838916863363023
TRUE,1,9,0.18931398509335803
FALSE,21,6.5,0.1911642279345207
FALSE,21,4,0.19461888808812527
FALSE,21.5,5.5,0.19760750666986268
TRUE,22.5,9,0.19787470338701435
FALSE,23.5,6.5,0.19811242835201323
FALSE,0,8,0.2002965120149898
FALSE,21.5,6.5,0.20213169221224092
TRUE,21.5,6,0.20251160474425967
FALSE,22.5,8,0.21110480167670484
TRUE,21,8,0.2124212032400606
FALSE,21,5.5,0.21513818264816215
TRUE,22.5,6.5,0.21539791000651493
FALSE,22,4,0.22023227929072278
FALSE,21.5,7,0.2281195297678295
TRUE,23.5,9,0.23478711751470677
TRUE,22.5,7.5,0.23540023811041494
TRUE,0,7,0.2387629970836193
TRUE,21.5,7,0.2398320308678945
FALSE,22.5,5.5,0.24005191937339349
FALSE,22,7.5,0.2459893871074243
FALSE,23,5.5,0.2474944294650031
FALSE,0,7,0.24779728166864678
TRUE,21,6,0.2505294459998135
TRUE,23,6.5,0.2505896238533114
FALSE,22.5,5,0.253349685259844
TRUE,23,8.5,0.253500223301118
FALSE,21,7,0.2623734375061137
TRUE,21,7,0.2626194025340329
FALSE,23.5,6,0.26418750605536984
FALSE,23,5,0.26890226603778444
TRUE,22,9,0.2782427979759729
TRUE,22,6.5,0.27865363566331075
TRUE,22.5,6,0.28195208126089577
FALSE,21.5,5,0.2846521094938133
FALSE,23,7.5,0.2904677767949453
FALSE,22,8,0.29241951427551516
TRUE,0,9,0.29384945830737697
TRUE,22,7.5,0.3091519389851733
FALSE,23.5,7,0.3154306796416725
TRUE,23.5,7,0.3163480419903386
FALSE,21,5,0.32312538081077286
TRUE,23.5,8,0.34686523406228453
TRUE,0,8,0.3570238349089701
TRUE,23,6,0.3595306473320147
FALSE,22.5,6.5,0.3689670957428093
TRUE,22.5,8,0.3745363431812346
FALSE,23,8,0.3806703965101475
TRUE,23,7.5,0.4026761380331278
FALSE,22,5.5,0.40668995946018366
FALSE,21.5,6,0.41898458851702264
TRUE,23,9,0.43355781652982456
TRUE,22.5,7,0.4413770223048211
FALSE,23,6.5,0.44154594625941873
FALSE,21,6,0.45188272209214914
TRUE,22,6,0.4793663097383212
FALSE,22,5,0.48259957440449563
FALSE,22.5,7,0.48964997059560816
FALSE,22,6.5,0.5187857799707579
TRUE,22,8,0.5543403573092053
FALSE,22.5,6,0.6108074224285281
TRUE,23,7,0.6593248644291481
FALSE,22,7,0.6594042565141236
TRUE,23,8,0.6780388800667727
FALSE,23,6,0.681804942986894
FALSE,23,7,0.7027362427102946
TRUE,22,7,0.7040090495004536
FALSE,22,6,1
