hms	stf	rlg	country	region	region_name	weight
0.2581301305513306	6.068578707527811	4.26708748852461	RUSSIAN FEDERATION	RU11		2772.177501485296
0.21865176276267737	5.456342794892616	4.575251233563635	RUSSIAN FEDERATION	RU13		2096.6818279415024
0.8717477734994109	7.569944193508746	4.782399092921507	GERMANY	DEA	NORDRHEIN-WESTFALEN	1503.614214857321
0.20415843341007275	5.924198709261593	3.6539747715143722	RUSSIAN FEDERATION	RU17		1448.069803646031
0.8399822948077372	7.796312626998897	5.136865893819669	GERMANY	DE2	BAYERN	1074.4334398380022
0.28925245584586845	6.100658944117514	4.805110029697407	RUSSIAN FEDERATION	RU14		1043.0683188105058
0.7504878997892228	6.5521266742130955	5.32852778209355	FRANCE	FR10	ÎLE DE FRANCE	975.7805332954599
0.8335371216152215	7.700275847443873	4.921629998549212	GERMANY	DE1	BADEN-WÜRTTEMBERG	899.7698860454442
0.3064540806611643	5.581204382220163	3.9500145649967044	RUSSIAN FEDERATION	RU12		887.3561461395332
0.16909275313258643	5.110084410111762	4.117617106502762	RUSSIAN FEDERATION	RU16		798.4967026752835
0.8586180250696774	7.251869312127392	3.9375237164758876	UNITED KINGDOM	UKJ	SOUTH EAST	709.6932919942271
0.8704040444092658	6.8168315644004505	4.534980332197131	SPAIN	ES61	ANDALUCÍA	690.6269732293428
0.8811154536596646	7.6554021237641585	4.7307985012160385	GERMANY	DE9	NIEDERSACHSEN	670.9676368135978
0.789858201983478	7.1564909743460445	4.640220254419116	UNITED KINGDOM	UKI	LONDON	626.0704917432755
0.8727909135064883	7.056250384460006	3.768601999879234	SPAIN	ES51	CATALUÑA	613.549870114114
0.6573338682104293	6.951587762391061	5.283814606611413	ITALY	ITC4	LOMBARDIA	601.8843166968853
0.1040021876098634	5.576156274429559	5.65890838869016	RUSSIAN FEDERATION	RU15		580.4900140979859
0.8582041587670258	7.290495461809627	3.8009102018706606	UNITED KINGDOM	UKD	NORTH WEST	557.6708912314245
0.6261496488827692	7.429667890105559	4.933344553420585	ISRAEL	IL		526.5635220422971
0.8562165895342969	6.974263956387142	4.258783028308305	SPAIN	ES30	COMUNIDAD DE MADRID	523.2377829632765
0.8168386672150937	7.681623931748706	4.967927289661141	GERMANY	DE7	HESSEN	519.7114307911781
0.8029882248282726	6.866978866017452	4.685106358970489	FRANCE	FR71	RHÔNE-ALPES	516.6962059115688
0.8205387305020857	6.723101372824059	5.316704052886351	ITALY	ITC1	PIEMONTE	484.901604340924
0.8924278925876744	7.494664008089808	3.6205626366181525	UNITED KINGDOM	UKH	EAST OF ENGLAND	484.3593421262121
0.5655876282991867	7.008471425119963	6.0786266831052895	POLAND	PL12	MAZOWIECKIE	473.13973833114653
0.8142438427718397	7.293303746224682	3.9248210012822455	UNITED KINGDOM	UKG	WEST MIDLANDS	459.15412845256543
0.6021621545613443	6.488514385885873	7.673540348569743	ITALY	ITG1	SICILIA	454.02105485972027
0.8562648522568116	7.2959562456215705	3.760167844668099	UNITED KINGDOM	UKM	SCOTLAND	441.74851259013025
0.8055657606288611	6.540190933001674	4.916336162515714	FRANCE	FR82	PROVENCE-ALPES-CÔTE D'AZUR	440.4825168535609
0.8691669921314679	7.306680795507292	3.6365806042658266	UNITED KINGDOM	UKK	SOUTH WEST	431.41806267013305
0.8546454710659194	7.362047956881769	3.38704275522907	UNITED KINGDOM	UKE	YORKSHIRE AND THE HUMBER	428.0068451970469
0.29330527542376084	6.023272716299293	3.8493576334213015	RUSSIAN FEDERATION	RU18		425.7370711505373
0.7575975304978213	6.683789819985614	6.015335611422403	ITALY	ITI4	LAZIO	422.6285640435183
0.8604327647746501	6.699325527600941	4.2092897604114	SPAIN	ES52	COMUNIDAD VALENCIANA	412.32733355197547
0.5642173258459512	7.100018009651963	5.954299961251263	POLAND	PL22	ŚLĄSKIE	411.0982585773435
0.6966698457967837	6.529025092941587	5.865030586579914	ITALY	ITH3	VENETO	410.6219174420851
0.7648123064214336	6.106037870704166	4.431656917941385	ITALY	ITI1	TOSCANA	382.90811429720344
0.8776549602176049	7.231797013694514	3.3521139745288435	UNITED KINGDOM	UKF	EAST MIDLANDS	371.6076154252864
0.8348907695418576	7.079955614456793	2.636923662256996	GERMANY	DED	SACHSEN	356.77800734846693
0.8485071124509515	7.628076055792931	4.850163586311232	GERMANY	DEB	RHEINLAND-PFALZ	348.3759014906919
0.7559205121981939	7.060055264548786	5.580191756481235	ITALY	ITH5	EMILIA-ROMAGNA	346.3046930456944
0.6593520495625498	7.164210570854296	5.689486615587777	ITALY	ITF6	CALABRIA	340.18595490398195
0.8274950040215888	6.5112331400410755	4.572926555934197	FRANCE	FR30	NORD - PAS-DE-CALAIS	329.11491287866335
0.7477105971571573	6.195554917564472	6.419765092861755	ITALY	ITF3	CAMPANIA	325.9363697904273
0.8332317889689209	6.4402495255385235	3.9819377232851014	FRANCE	FR52	BRETAGNE	305.217737816313
0.9099508341328684	6.85704844849029	3.340047659291491	GERMANY	DE3	BERLIN	298.0736374348805
0.8855965208268076	7.780314293494569	4.513932321589286	NETHERLANDS	NL33	ZUID-HOLLAND	286.5151174368019
0.7226195728183	5.85803570642191	5.683264759513208	PORTUGAL	PT11	NORTE	285.31275226449964
0.8045178560913465	6.300129407378822	4.541700268163889	FRANCE	FR62	MIDI-PYRÉNÉES	284.03225270255973
0.4835805347165106	7.064206384100969	6.816268162220897	POLAND	PL21	MAŁOPOLSKIE	281.4701596983889
0.12421481744575576	5.107295451843635	4.100884316623661	UKRAINE	UA05		265.3142111146634
0.5412529753569445	7.097168604983733	6.252493785828547	POLAND	PL41	WIELKOPOLSKIE	259.8984204338631
0.8098922105362992	6.366835373136377	4.526897565072268	FRANCE	FR51	PAYS DE LA LOIRE	253.83552781804394
0.843197131813636	7.4218401366201485	3.4126661077902325	UNITED KINGDOM	UKL	WALES	253.65933603471623
0.8591688785135366	6.370098933190216	4.852405045393646	ITALY	ITC3	LIGURIA	248.39452964607398
0.8415070610654635	7.000613206317455	3.792021387110144	SPAIN	ES11	GALICIA	244.10870563935956
0.8624487618986605	7.539363595430109	4.3603905879592375	GERMANY	DEF	SCHLESWIG-HOLSTEIN	238.00154300386384
0.2538590749149632	5.010080149778434	4.371960010234568	UKRAINE	UA20		237.91519104229465
0.7449488933054064	7.056499132099938	6.659103361805101	ITALY	ITF5	BASILICATA	236.81809217157473
0.5547617113873049	7.3094749318707795	5.49046577063883	POLAND	PL11	ŁÓDZKIE	235.72507624693517
0.7867037712680913	6.44974935495722	4.226059168936229	FRANCE	FR61	AQUITAINE	230.8179334775818
0.5905630994279852	6.884171359376017	5.895655735511512	POLAND	PL51	DOLNOŚLĄSKIE	225.88669695827943
0.9490696128583277	7.767913614478781	3.762287717286245	NETHERLANDS	NL32	NOORD-HOLLAND	225.22055160821665
0.819566784737005	6.556017308203495	4.432351613264194	FRANCE	FR81	LANGUEDOC-ROUSSILLON	223.64940798252516
0.8707546237245269	7.109189390030006	2.392642752435027	GERMANY	DE4	BRANDENBURG	217.56938662797228
0.3240562126208975	5.365044047065487	4.035833826984257	UKRAINE	UA04		217.53599794008565
0.8800121053892217	7.061209383459762	3.725298155080962	UNITED KINGDOM	UKC	NORTH EAST	214.59655638558968
0.8084887760885668	6.336778881532643	3.9906611578782845	FRANCE	FR24	CENTRE	211.1535827636071
0.7277627242989688	6.149369835905632	4.0293588781196945	FRANCE	FR22	PICARDIE	208.99901434584126
0.795288872902232	6.208931585411094	4.2583849617549685	PORTUGAL	PT17	ÁREA METROPOLITANA DE LISBOA	206.17259484361793
0.2620613706309258	5.562348136114673	4.192479970719907	UKRAINE	UA12		204.2493494155608
0.9354503842834552	7.910970443618948	4.108103258968169	NETHERLANDS	NL41	NOORD-BRABANT	203.7470804581136
0.7580548995551245	6.070454737576744	4.920396520447104	FRANCE	FR41	LORRAINE	201.47572409220498
0.8331300889899013	6.709624606076989	2.2462060014598366	GERMANY	DEE	SACHSEN-ANHALT	198.9135613566165
0.37963138174295824	7.155721979617413	6.428483274152657	POLAND	PL31	LUBELSKIE	198.82615023541067
0.8188283523352141	7.136179947447967	4.528199888641467	SPAIN	ES41	CASTILLA Y LEÓN	197.60694886136923
0.829431902134117	6.822615141137165	2.9437441447007466	GERMANY	DEG	THÜRINGEN	190.70349228915572
0.46567937634529477	6.867730466869961	6.500114656699138	POLAND	PL63	POMORSKIE	183.41892774883695
0.8026862132830169	7.052686669987527	5.034170703441592	FRANCE	FR42	ALSACE	181.92434271188492
0.20666154167460477	4.956469430002887	4.639947983051349	UKRAINE	UA01		180.1274217506615
0.6895772504497275	5.891261556200954	5.346683084552039	PORTUGAL	PT16	CENTRO	177.62394075156502
0.9020556557074972	7.137924371046264	4.266646875842617	SPAIN	ES70	CANARIAS	177.61808663766504
0.887126604063772	7.693255763186207	2.853071082777293	SWEDEN	SE110	STOCKHOLMS LÄN	176.60096374912763
0.44728872173219614	7.210533302510093	7.356391854573355	POLAND	PL32	PODKARPACKIE	168.9041925697148
0.915112040652323	6.952994661422881	3.470642067280841	SPAIN	ES21	PAÍS VASCO	167.22150186931347
0.31017892019872595	5.16939739693427	4.67418128506651	UKRAINE	UA26		165.45117646090114
0.9140477261544556	7.816452945024543	4.492501537925386	NETHERLANDS	NL22	GELDERLAND	165.35094414446448
0.6546361030199126	5.953099555534328	6.2767716826477855	ITALY	ITF1	ABRUZZO	163.13369393549422
0.8354975136947896	7.099981418930341	5.022780969001392	SPAIN	ES42	CASTILLA-LA MANCHA	163.03294015030022
0.767862883775454	6.613579718689945	3.292614170085544	FRANCE	FR53	POITOU-CHARENTES	162.2461739318733
0.8834597506101586	7.465079470952874	3.715176504881078	GERMANY	DE6	HAMBURG	154.57114807459232
0.517381115168548	7.053203283722732	5.577966880008555	POLAND	PL61	KUJAWSKO-POMORSKIE	154.55571685484207
0.8094386078598227	8.235505318384375	5.048920205830902	SWITZERLAND	CH02		150.4234914304991
0.1931614519386365	5.413310128888357	4.572417173246647	UKRAINE	UA10		149.76258193125537
0.7911473061838352	6.988742872253819	4.653718434117496	FRANCE	FR26	BOURGOGNE	148.43653663621046
0.7780625827433958	7.2267602945853975	4.1743643902824825	AUSTRIA	AT13	WIEN	145.98636868234277
0.7579904808417594	7.5120400767762	4.842890160996547	UNITED KINGDOM	UKN	NORTHERN IRELAND	145.4154552547872
0.24456668998986802	5.468616333886814	7.153273376122367	UKRAINE	UA13		144.76277999137037
0.8415690299619994	6.90110080921339	2.4721101135002694	GERMANY	DE8	MECKLENBURG-VORPOMMERN	144.5733983681088
0.900891002719199	7.788003417003009	4.350352899342259	BELGIUM	BE21	PROV. ANTWERPEN	141.30189486688172
0.925595388238322	8.456696455955157	3.8246832435271547	DENMARK	DK01	HOVEDSTADEN	141.1517605657493
0.836366536069386	6.5635200094623	4.18193330782825	FRANCE	FR25	BASSE-NORMANDIE	139.96463560187283
0.32911369899172505	4.386437165320439	5.165064948780482	UKRAINE	UA21		134.50904372788673
0.8058063306032287	6.477282056534932	4.267616644392525	FRANCE	FR23	HAUTE-NORMANDIE	132.88980742041372
0.9056699501083993	7.962856856182023	3.180082268010391	SWEDEN	SE232	VÄSTRA GÖTALANDS LÄN	130.4453025074083
0.6399683959674208	6.970011053268238	6.135236932904658	POLAND	PL42	ZACHODNIOPOMORSKIE	127.43921221230192
0.7695321687307624	7.5961369948445405	4.744926658699701	AUSTRIA	AT12	NIEDERÖSTERREICH	126.36597877466086
0.7902124082071037	7.79461149328381	5.5220342662147	SWITZERLAND	CH01		125.82592426725695
0.8580608081401085	6.025048869035594	4.241373560351986	FRANCE	FR72	AUVERGNE	124.31758742856626
0.8094637448798085	7.963912669289668	4.371504313466558	FINLAND	FI1B1	HELSINKI-UUSIMAA	123.2127789205043
0.21531474859287292	5.049545364905901	6.503491207414843	UKRAINE	UA09		122.62672081073926
0.32288004194736936	5.258537285666866	4.777274056880481	UKRAINE	UA08		121.35538287578417
0.4800322099909778	6.31223514066768	2.8518341700866614	HUNGARY	HU101	BUDAPEST	121.17448387753026
0.8307537267586316	7.117498905186364	4.36039088536808	SPAIN	ES24	ARAGÓN	119.32508973132798
0.8856429421709704	7.625572177270361	4.348632759423144	BELGIUM	BE25	PROV. WEST-VLAANDEREN	115.87287191503387
0.22449632966586572	5.34810019144191	5.169519649387712	UKRAINE	UA02		114.781155208236
0.8385630717128434	7.990938717144224	4.731860372127664	SWITZERLAND	CH04		114.00340161446366
0.19886964946865535	4.922193540381912	4.304756587935799	UKRAINE	UA16		113.91316285916051
0.7862573142502555	7.053861421583138	4.345139980694277	AUSTRIA	AT31	OBERÖSTERREICH	112.75468414858504
0.5570744346626558	6.581294273742483	5.740494679753071	POLAND	PL62	WARMIŃSKO-MAZURSKIE	111.52099139500852
0.5964562762176865	5.992081828548621	7.3846082059323495	ITALY	ITF4	PUGLIA	110.39601935504663
0.8951966412764	7.654907198413303	4.324565498427757	BELGIUM	BE23	PROV. OOST-VLAANDEREN	109.33820094412366
0.8062218199580348	6.57295453129215	6.579137116411607	ITALY	ITG2	SARDEGNA	108.95603512380963
0.21764616003714735	5.4206601561877905	4.367396360250547	UKRAINE	UA23		104.97002907318726
0.46833319490212105	6.912193001031778	6.825608354297547	POLAND	PL33	ŚWIĘTOKRZYSKIE	104.74278282590707
0.8146075073237642	7.098656983035378	4.506006242228003	BELGIUM	BE32	PROV. HAINAUT	104.16541859518424
0.8793188889117114	6.995647343511089	4.343140143518247	SPAIN	ES43	EXTREMADURA	103.87595027947079
0.47040291104675586	5.421084149670052	3.674127223893773	HUNGARY	HU102	PEST	103.79654112054179
0.8904086596005398	8.33444088419767	4.1233970672888525	DENMARK	DK04	MIDTJYLLAND	103.13733577003319
0.2782535935021974	5.094537926370211	4.521889733289834	UKRAINE	UA15		102.56844307151809
0.5549924069471942	6.649897733992583	1.5399681880297904	CZECH REPUBLIC	CZ020	STŘEDOČESKÝ KRAJ	102.50036826796068
0.9376415943732	8.00456684196188	4.1910262210117875	NETHERLANDS	NL31	UTRECHT	102.0060654302266
0.9230997140022921	7.98793791933572	3.1061487461875643	SWEDEN	SE224	SKÅNE LÄN	101.430265383511
0.7654392212846838	7.562571431092632	4.669148420429906	AUSTRIA	AT22	STEIERMARK	100.25242275683453
0.5757232874103573	6.793333059882952	2.2751428551809343	CZECH REPUBLIC	CZ080	MORAVSKOSLEZSKÝ KRAJ	99.61875475734648
0.3907135694989613	7.14550447402079	7.250686703987479	POLAND	PL34	PODLASKIE	98.43152622140299
0.8307659123436234	7.0029316606362935	4.443411371868944	BELGIUM	BE33	PROV. LIÈGE	98.40334458019774
0.6298933397928443	6.790594468008077	1.7872528805063057	CZECH REPUBLIC	CZ010	HLAVNÍ MĚSTO PRAHA	98.11029908972165
0.8814464032175132	7.9650789486948055	3.5262664871619815	NORWAY	NO01		97.81916900822905
0.9189980206475059	8.494155068467133	4.1818024462806385	DENMARK	DK03	SYDDANMARK	97.34916854585254
0.8521682231054954	7.240901680438679	5.112694907155459	SPAIN	ES62	REGIÓN DE MURCIA	96.88106368207032
0.8066285956629725	8.350057014648579	4.385098106850386	SWITZERLAND	CH03		96.07840344201227
0.9309286739247885	7.71939378035797	4.590994726485444	NETHERLANDS	NL42	LIMBURG	94.9863204459252
0.9171747630497168	7.826004532297833	4.7976334384038735	NETHERLANDS	NL21	OVERIJSSEL	93.74531302996107
0.19113562431876627	5.30695997170695	5.774753224411085	UKRAINE	UA17		93.34839909223176
0.7753735944312874	8.240113997377872	5.006875076258177	SWITZERLAND	CH05		93.20412316876329
0.5792184956469493	5.209388495943816	4.358329520359501	BULGARIA	BG411	СОФИЯ	91.50907538518886
0.7180363777477358	7.209399017078179	5.700509069036485	BELGIUM	BE10	RÉGION DE BRUXELLES-CAPITALE / BRUSSELS HOOFDSTEDELIJK GEWEST	91.45260030056716
0.7482781571925432	6.86491109167274	5.791218307421735	ITALY	ITI3	MARCHE	90.81261337080434
0.8703074281248844	6.75810763204508	4.472092641496664	IRELAND	IE021	DUBLIN	90.62117172451183
0.5942916624717172	6.552288737225435	2.543931627604356	CZECH REPUBLIC	CZ064	JIHOMORAVSKÝ KRAJ	90.1146025966038
0.9131828463752285	7.522435926903827	4.8836001911482105	GERMANY	DEC	SAARLAND	89.03760742010574
0.8917482453964138	7.510091463976073	4.570782955133351	BELGIUM	BE24	PROV. VLAAMS-BRABANT	87.15505231994666
0.23172496756693714	5.25379749488424	5.674671774874722	UKRAINE	UA22		86.05021619792622
0.801462473523377	6.763719925239531	3.7329151362547113	FRANCE	FR63	LIMOUSIN	84.73681334927232
0.15251626182069644	4.642546669409388	5.271472570625209	UKRAINE	UA06		83.1118317531671
0.8307534046358449	6.76966855103205	6.881211460360016	ITALY	ITI2	UMBRIA	83.08464290460726
0.8393296092436806	6.881985670627428	4.205690605780284	SPAIN	ES12	PRINCIPADO DE ASTURIAS	81.49771815387818
0.30802481361510753	5.110002001627379	4.489348173662864	UKRAINE	UA14		80.65338347400537
0.8828904324668674	7.373908450280057	4.663170524129126	BELGIUM	BE22	PROV. LIMBURG	80.42775501539194
0.6441069183238994	6.523918377073993	5.783219668170691	ITALY	ITH2	PROVINCIA AUTONOMA DI TRENTO	78.73731896937488
0.5500712756649754	6.892761555865977	5.508538704251546	POLAND	PL43	LUBUSKIE	78.43039518407426
0.8784126804206835	8.05078377578853	3.815831152902372	NORWAY	NO03		77.72858279846832
0.7335777663768928	6.868419548827568	4.948028663520745	ITALY	ITH1	PROVINCIA AUTONOMA DI BOLZANO/BOZEN	77.49657773421522
0.6112455738479882	7.3455806494767115	6.826357902707615	POLAND	PL52	OPOLSKIE	76.89582126369946
0.865569152531403	7.310404468296766	3.912900936962349	SPAIN	ES53	ILLES BALEARS	76.67369028683571
0.1737274548192506	5.5463035757754	5.999138696177545	UKRAINE	UA07		75.15776097950851
0.6762400350823379	6.584533354729769	4.819147253599804	FRANCE	FR43	FRANCHE-COMTÉ	75.03758305937676
0.3898478236212257	6.469237576669382	6.0154704958822585	SLOVAKIA	SK042	KOŠICKÝ KRAJ	71.18658791234719
0.30100264130142	6.647738373831399	5.853255088796738	SLOVAKIA	SK023	NITRIANSKY KRAJ	69.05093887117947
0.8480967339703249	8.041043092383752	4.034094481096545	NORWAY	NO05		68.76659463293464
0.6067864588526793	6.921415635717954	6.847588245703218	CYPRUS	CY0	ΚΥΠΡΟΣ	68.7093610977387
0.9286895133038217	8.364055894431868	3.9911177964404474	DENMARK	DK02	SJÆLLAND	67.26449012499609
0.22842901336346932	5.348547351117281	6.2769300250166555	UKRAINE	UA19		65.1304312306066
0.6832971554142936	6.14826293757471	4.7029576294826425	FRANCE	FR21	CHAMPAGNE-ARDENNE	65.03479753092009
0.24772889489593677	5.145436432649859	5.693816088188356	UKRAINE	UA24		64.31665264322397
0.8412325071609288	8.247752139832615	4.898164011023858	SWITZERLAND	CH06		64.16503561849854
0.12406176018021478	6.187471609666103	6.396798803963231	UKRAINE	UA03		63.95738114719364
0.8910205534210465	7.261747628036955	4.290073572086659	GERMANY	DE5	BREMEN	63.51563291959322
0.6337289769525067	6.425300266429679	1.6998468304974703	CZECH REPUBLIC	CZ042	ÚSTECKÝ KRAJ	61.253681968671984
0.17113638472779136	6.028029109895707	5.815618305850652	LITHUANIA	LT00A	VILNIAUS APSKRITIS	61.20440284028707
0.773481882924044	7.504731864241794	4.6314008453349	AUSTRIA	AT33	TIROL	60.99160615507709
0.40188952772508724	6.399806579563783	5.3779241210344075	SLOVAKIA	SK032	BANSKOBYSTRICKÝ KRAJ	59.819518444596056
0.84195123103978	8.016174932455142	3.826408412003953	NORWAY	NO04		59.317283042553676
0.33561165799877873	5.7433442084974144	7.145589083041374	ALBANIA	AL11		57.45690721282967
0.88640879727465	6.8823493265572875	5.002864442633389	IRELAND	IE025	SOUTH-WEST	55.03922339941059
0.9036092252074911	7.723958127601447	4.772683690372127	NETHERLANDS	NL12	FRIESLAND	53.48481626448242
0.4588378943638365	6.977485285530198	5.7303586961152835	SLOVAKIA	SK010	BRATISLAVSKÝ KRAJ	51.98868523114013
0.7218762158880009	5.797963774889035	4.604623661273874	PORTUGAL	PT18	ALENTEJO	51.52242310857788
0.15117821885986304	6.069500204457411	5.022168801206943	LITHUANIA	LT002	KAUNO APSKRITIS	51.20278996552031
0.36906040333462525	6.283475093154975	6.646831273454065	SLOVAKIA	SK041	PREŠOVSKÝ KRAJ	51.15906231490214
0.933715765621873	7.7791934810947945	3.6976309641126788	NETHERLANDS	NL11	GRONINGEN	50.519650693051084
0.9065376093361015	6.770576431629277	3.7417293908918188	SPAIN	ES13	CANTABRIA	49.69956930990306
0.607740139745562	6.847832226440099	2.1906423232768057	CZECH REPUBLIC	CZ032	PLZEŇSKÝ KRAJ	48.909929312821546
0.21558708902679105	5.391045474602387	4.81475955151958	UKRAINE	UA25		48.46251699909271
0.914789633165694	8.459719502528365	4.236727317988459	DENMARK	DK05	NORDJYLLAND	48.16677265356182
0.3514191677741302	6.6532581147464	6.002188390774487	SLOVAKIA	SK031	ŽILINSKÝ KRAJ	48.08665145532875
0.6661793070347516	6.430347626970091	2.2891578720510175	CZECH REPUBLIC	CZ072	ZLÍNSKÝ KRAJ	47.917557745882526
0.5945716968515786	6.792059315040828	2.7854575152967103	CZECH REPUBLIC	CZ031	JIHOČESKÝ KRAJ	47.412140354054316
0.5962021271472792	6.652747262881432	2.4097684372456585	CZECH REPUBLIC	CZ071	OLOMOUCKÝ KRAJ	46.449305987644905
0.7567603691658044	7.460645797872532	4.709570379098592	AUSTRIA	AT21	KÄRNTEN	45.82703101323109
0.8949737084050446	7.106804769803958	5.041083143223656	IRELAND	IE022	MID-EAST	45.16097437142242
0.41653222664205086	5.247026694530755	4.186180352382037	HUNGARY	HU311	BORSOD-ABAÚJ-ZEMPLÉN	44.583364751207206
0.6421399631718371	7.0076051898411045	4.204848585591961	SLOVENIA	SI021		43.863480404651725
0.424627750912949	5.528020981482751	4.600567518128003	HUNGARY	HU331	BÁCS-KISKUN	43.84170603195544
0.8898897522762498	7.344012599466616	3.3755888674511354	SPAIN	ES22	COMUNIDAD FORAL DE NAVARRA	43.37900464924704
0.8427609946423396	7.43753357771164	4.5033552230883425	AUSTRIA	AT32	SALZBURG	43.37337077280644
0.46082982086781815	6.446486080233614	3.669104558039931	ESTONIA	EE001	PÕHJA-EESTI	43.316257621163786
0.5039548433876004	5.626575270716171	3.6863456146024767	HUNGARY	HU321	HAJDÚ-BIHAR	43.25642817980377
0.5743817373415127	6.274805257856285	2.009356944772142	CZECH REPUBLIC	CZ063	KRAJ VYSOČINA	43.22792811742335
0.7609341171947437	8.004700844286994	4.6059080528770115	FINLAND	FI1C1	VARSINAIS-SUOMI	41.703578412388545
0.9246056159988636	7.6483681994639685	4.2412208375568525	NETHERLANDS	NL13	DRENTHE	40.87342423234818
0.2998886807713354	4.5565674022564355	4.748165505104482	UKRAINE	UA18		40.521988378067576
0.4098521814062386	6.692735649558378	5.317687521109491	SLOVAKIA	SK022	TRENČIANSKY KRAJ	40.44086152476878
0.600993704737474	4.40248147630939	4.321044784000269	BULGARIA	BG421	ПЛОВДИВ	40.03257753232778
0.7786913527760007	8.032178162327586	4.953823720533492	FINLAND	FI197	PIRKANMAA	40.03040435930777
0.643191610302682	6.567210677258805	2.415983766143099	CZECH REPUBLIC	CZ052	KRÁLOVÉHRADECKÝ KRAJ	39.57085858429987
0.906516096235676	7.1912571892540775	5.082113236393265	IRELAND	IE024	SOUTH-EAST	39.55378692750524
0.8688767320422904	7.9846678818031	3.6674686090340805	NORWAY	NO07		38.804610433455416
0.5686142632632979	6.699161598157259	2.4178511687220077	CZECH REPUBLIC	CZ053	PARDUBICKÝ KRAJ	38.68623158989713
0.31514188426440953	6.713541425717986	6.458358512152395	SLOVAKIA	SK021	TRNAVSKÝ KRAJ	38.67713623385718
0.8441183040723178	6.873405166653801	4.963138904696951	IRELAND	IE011	BORDER	38.2047782984553
0.912556706843684	7.0997949586250675	3.980616651677612	SPAIN	ES23	LA RIOJA	38.02583343686163
0.5063113727851274	5.731118669972105	5.052613227835158	HUNGARY	HU323	SZABOLCS-SZATMÁR-BEREG	37.387411121356855
0.8230394542685909	7.108709837559006	4.697160226242043	BELGIUM	BE35	PROV. NAMUR	37.02847386366551
0.8542142212588386	8.046308607947443	3.5182667351365904	NORWAY	NO06		35.719404932095664
0.5391454032406032	4.857586732200973	4.714906953384049	BULGARIA	BG344	СТАРА ЗАГОРА	33.831266829973174
0.7320921587410937	5.339967229875155	5.114328852982141	PORTUGAL	PT15	ALGARVE	33.29245544399834
0.8939605783978243	6.885096743151539	5.035754806233572	IRELAND	IE013	WEST	33.170857171779296
0.9018794093887024	7.8427570211036315	3.328000190469772	SWEDEN	SE123	ÖSTERGÖTLANDS LÄN	32.86238401340776
0.38003437267364576	5.4934227776693705	3.0652881676572927	HUNGARY	HU322	JÁSZ-NAGYKUN-SZOLNOK	32.85805011317614
0.8814674490928741	7.821786580988216	4.339811702072813	NETHERLANDS	NL34	ZEELAND	32.21709469006953
0.6859069597859585	6.97333454489843	1.7350355657521028	CZECH REPUBLIC	CZ051	LIBERECKÝ KRAJ	32.13187070216006
0.8403479876059329	7.670296191557627	4.720580641429695	NETHERLANDS	NL23	FLEVOLAND	32.019867372683954
0.454827964239186	5.522287225551062	4.426905372346942	HUNGARY	HU221	GYŐR-MOSON-SOPRON	31.383975126169
0.7056087016069436	8.00289697142826	4.865653854676169	FINLAND	FI1D6	POHJOIS-POHJANMAA	31.045216794089093
0.7646877931788486	7.495913536510842	4.860917896532933	AUSTRIA	AT34	VORARLBERG	31.033217879109205
0.8655414231903603	8.081574576898072	3.273558991421523	NORWAY	NO02		30.856407178397305
0.7716347421132864	6.548065043126994	5.457758815873511	ITALY	ITH4	FRIULI-VENEZIA GIULIA	30.736865310173396
0.6123273303086928	4.830338771699273	5.3555652291687785	BULGARIA	BG413	БЛАГОЕВГРАД	29.980650443680524
0.6179799990291793	4.576334494490368	4.1976340901092515	BULGARIA	BG331	ВАРНА	29.831173343546165
0.8648574734929909	7.473145304202585	4.308314057122817	BELGIUM	BE31	PROV. BRABANT WALLON	29.61546259395173
0.5448446027964877	5.730103257077786	3.3344173507854062	HUNGARY	HU211	FEJÉR	29.380517355079206
0.6530372146251707	4.632872956410829	4.604745364212974	BULGARIA	BG341	БУРГАС	29.14961749160949
0.19266395113557963	6.016031635830781	4.9826203721249485	LITHUANIA	LT003	KLAIPĖDOS APSKRITIS	29.001480140047626
0.4861887707868452	5.734354064696285	3.7039260253834794	HUNGARY	HU213	VESZPRÉM	28.77594497377971
0.6555380452086953	8.009336894087301	5.225330165860295	SWITZERLAND	CH07		28.49448359511725
0.9027959212112462	7.761203002503759	2.9654679361859255	SWEDEN	SE121	UPPSALA LÄN	28.39476927664228
0.8949331514553054	8.051683311524227	4.002838672855102	SWEDEN	SE211	JÖNKÖPINGS LÄN	28.11532855520753
0.4938526192252823	5.671464015157324	4.292239980937739	HUNGARY	HU312	HEVES	28.106915056115287
0.5110577747604176	5.345315822384864	3.058389736761953	HUNGARY	HU332	BÉKÉS	28.034040314132326
0.2807059832296989	6.316072999459131	7.127050308561866	KOSOVO	XK1		27.176398169947944
0.9172383596031299	8.00782073394102	3.0746418357004592	SWEDEN	SE231	HALLANDS LÄN	26.875371761008722
0.904882884033609	7.100978219720353	4.942360489347121	IRELAND	IE023	MID-WEST	26.708529529368008
0.8679458539515695	7.287033892207693	4.664492633346509	BELGIUM	BE34	PROV. LUXEMBOURG	26.62392331791973
0.3625270213978229	5.718209399110661	3.4742875382986407	HUNGARY	HU232	SOMOGY	26.584874319820443
0.46420455963361795	6.362598393239085	3.1149730155276165	ESTONIA	EE008	LÕUNA-EESTI	25.80751247201697
0.5421000186851043	6.697570908075755	4.33059264807647	SLOVENIA	SI012		25.183771131605752
0.906919330129895	7.908370233909944	3.4856850048024373	SWEDEN	SE331	VÄSTERBOTTENS LÄN	24.77594838494405
0.9161738869434197	8.005891503432371	3.284425578431965	SWEDEN	SE124	ÖREBRO LÄN	24.578627160102098
0.46416778553321003	5.903491739879248	3.5342836605853143	HUNGARY	HU231	BARANYA	24.168711192230205
0.5012007130875296	5.7839616084967815	3.704572365026199	HUNGARY	HU212	KOMÁROM-ESZTERGOM	23.85072635341824
0.6290295020555562	6.131330043408271	1.8845322370435453	CZECH REPUBLIC	CZ041	KARLOVARSKÝ KRAJ	23.76267692265725
0.31889075305890585	5.505416279096439	6.664136873521239	ALBANIA	AL04		23.572749225158145
0.9208464190264004	7.920853634126145	3.1056852129877566	SWEDEN	SE312	DALARNAS LÄN	23.446370911274386
0.5388056402062744	5.874168520198362	3.931933905309705	HUNGARY	HU333	CSONGRÁD	23.39228584310366
0.8156285003392941	7.5736800404755	5.345244881490482	AUSTRIA	AT11	BURGENLAND	23.296974336463514
0.3462977390242568	5.700657961627073	7.6003968336610725	ALBANIA	AL03		23.270055497807316
0.9110608552010608	7.903448481373071	3.439165961405233	SWEDEN	SE311	VÄRMLANDS LÄN	23.140416951717086
0.5196421020996598	5.85696136501331	4.201815131513737	HUNGARY	HU223	ZALA	22.9638257914392
0.9245462773289098	7.576186418438702	3.420837990027615	SWEDEN	SE125	VÄSTMANLANDS LÄN	22.832623007603353
0.7215839106757875	8.055155883010622	5.182132816538715	FINLAND	FI1D2	POHJOIS-SAVO	22.414709101267846
0.7198335406177306	8.011342256287445	4.904562498466353	FINLAND	FI196	SATAKUNTA	22.065586143757546
0.9141017817582124	7.902350979963649	2.838947339191721	SWEDEN	SE122	SÖDERMANLANDS LÄN	21.971317087863437
0.9127980972961999	7.976967884120441	3.125732055523387	SWEDEN	SE313	GÄVLEBORGS LÄN	21.84276974989395
0.6096601548889654	4.72514797203738	4.432886466489601	BULGARIA	BG412	СОФИЯ	21.00182720037022
0.7161765334495074	8.05263135633335	5.028507092079437	FINLAND	FI193	KESKI-SUOMI	20.982395939536925
0.5399022245346992	5.800409655766103	4.145858370317601	HUNGARY	HU222	VAS	20.348734885508325
0.15643463083205766	5.97247834322173	5.062659630674879	LITHUANIA	LT005	PANEVĖŽIO APSKRITIS	19.89827435694912
0.27640594239351923	5.861202245156814	7.297711554188192	ALBANIA	AL02		19.696399966839497
0.5871894684680137	4.252735315493426	4.774112417992915	BULGARIA	BG422	ХАСКОВО	19.655358717150285
0.48586828513712194	4.2537296173322225	5.252933640027248	BULGARIA	BG423	ПАЗАРДЖИК	19.52877897021225
0.19322892486913104	6.00149859249587	5.304092625501626	LITHUANIA	LT006	ŠIAULIŲ APSKRITIS	19.346077647370507
0.88343718782612	6.860615176992905	5.22735695830218	IRELAND	IE012	MIDLAND	19.342973730642868
0.5863696032724319	6.759226494655428	4.705061521962047	SLOVENIA	SI014		19.143817709320807
0.5993114387676463	4.752357867386341	4.4120067291260074	BULGARIA	BG321	ВЕЛИКО ТЪРНОВО	18.7659018079783
0.8980397407400277	7.882095507181516	3.591890635041083	SWEDEN	SE213	KALMAR LÄN	18.716560709253038
0.6201522631755894	4.510186957996572	4.358341643888827	BULGARIA	BG313	ВРАЦА	18.670849073694033
0.22302573355552527	4.8143571365600994	4.618031721347996	UKRAINE	UA11		17.5949909065557
0.7414779398636667	7.967081071069626	4.742248161109136	FINLAND	FI1C4	KYMENLAAKSO	17.56930695475393
0.26109594807656744	6.31486926822599	7.108139612661814	KOSOVO	XK3		17.34153504879554
0.9137190567912308	7.988624318391551	2.8524457996272212	SWEDEN	SE332	NORRBOTTENS LÄN	17.266409213002593
0.6275015120545152	4.590354217053989	4.5600945060870615	BULGARIA	BG323	РУСЕ	17.25612153068271
0.6576561173827832	4.8888038052855745	3.861504576455567	BULGARIA	BG314	ПЛЕВЕН	16.997950760623596
0.29006795267131635	5.808421475411095	7.4275383069205105	ALBANIA	AL06		16.99201474282044
0.8930314250211497	7.796991115497222	3.4237767520812654	SWEDEN	SE321	VÄSTERNORRLANDS LÄN	16.916595441490617
0.5494905068309123	4.671957524749347	4.29515996498321	BULGARIA	BG333	ШУМЕН	16.808826734651703
0.6112571845208005	6.884382296529969	4.214151548556542	SLOVENIA	SI022		16.653725759402143
0.2596341255445409	5.541293216146346	7.462463311822147	ALBANIA	AL10		16.229767469066594
0.36554655558495774	6.21120308307719	4.2901024812147375	ESTONIA	EE007	KIRDE-EESTI	16.19416193915823
0.7445536847249205	8.040131408982944	5.095893015399981	FINLAND	FI1C3	PÄIJÄT-HÄME	16.037716201917657
0.6984094778904731	8.017865130881326	5.190307353130163	FINLAND	FI194	ETELÄ-POHJANMAA	16.00935851756956
0.7296083489537767	7.9932935737091455	4.799060232548829	FINLAND	FI1C2	KANTA-HÄME	15.767199353548582
0.9090771256529977	8.01211994482795	3.210204331955921	SWEDEN	SE221	BLEKINGE LÄN	15.381838551050805
0.7159179950435238	7.986350411969616	4.827980723651242	FINLAND	FI1D7	LAPPI	15.350827181189143
0.5693407803315003	5.950589767096011	4.6158059056290766	HUNGARY	HU233	TOLNA	15.260980142221658
0.2828673633515483	6.315625814625562	7.0515425234499425	KOSOVO	XK2		15.145523616581144
0.5411627431877322	4.517719305593638	4.891683813040401	BULGARIA	BG425	КЪРДЖАЛИ	15.085337170639445
0.48280135378504163	5.74693856999966	4.2136470202621945	HUNGARY	HU313	NÓGRÁD	14.671863713117935
0.9012615933330943	7.946777803246945	3.374652777500191	SWEDEN	SE212	KRONOBERGS LÄN	14.66919857982996
0.8986175246824687	7.764249727477727	5.115322168662032	ICELAND	IS001		14.580800374073085
0.28754497816542823	5.565487894816102	7.185516427521241	ALBANIA	AL12		13.917829155048997
0.5658292877743124	4.437909628199865	4.6693694943968485	BULGARIA	BG332	ДОБРИЧ	13.892817357025082
0.3057577301100295	6.324707303677094	7.3662228303188435	KOSOVO	XK4		13.76482393933295
0.7232561126514396	8.114116172340637	4.799215358045196	FINLAND	FI195	POHJANMAA	13.717052390956539
0.25330797802188304	6.266466282205904	7.273971245854932	KOSOVO	XK5		13.140858247371476
0.7358272482217064	8.03147168830616	5.06210244977825	FINLAND	FI1D3	POHJOIS-KARJALA	13.04889866717104
0.511827165986543	4.340852277743513	4.725275480942471	BULGARIA	BG414	ПЕРНИК	12.986088604953574
0.9073133056545077	7.938087376086109	3.210386947151342	SWEDEN	SE322	JÄMTLANDS LÄN	12.686209990830273
0.24985151239996142	6.439131278446203	6.954963908852529	KOSOVO	XK6		12.14994962823619
0.7034090193862893	8.075606368102891	5.279755665135398	FINLAND	FI1D1	ETELÄ-SAVO	11.888289462022025
0.5674431840641321	4.460195800508686	4.6086830257218026	BULGARIA	BG342	СЛИВЕН	11.636012869628852
0.8811140652658723	7.11038716198753	3.5625257527584937	SPAIN	ES64	CIUDAD AUTÓNOMA DE MELILLA	11.492758975179909
0.5679764600121909	4.507875538872789	4.4791803323719455	BULGARIA	BG415	КЮСТЕНДИЛ	11.403656550587058
0.7275684547938215	7.971666047500718	5.025055803205384	FINLAND	FI1C5	ETELÄ-KARJALA	11.183023694806655
0.3503430844614333	5.687057855945627	7.013116885262196	ALBANIA	AL01		11.065603254927922
0.6052229367228474	6.840918324589766	4.4353294378480745	SLOVENIA	SI017		10.844148987145854
0.5992782811852989	6.792414885511559	4.476503666270343	SLOVENIA	SI023		10.813904902423168
0.7855213052715257	7.136502038251464	5.576067291144554	SPAIN	ES63	CIUDAD AUTÓNOMA DE CEUTA	10.812396442319958
0.603467417627063	6.735361601324137	4.861025247844915	SLOVENIA	SI011		10.77997105903342
0.486544580264714	6.496082804981273	3.1977250747881834	ESTONIA	EE004	LÄÄNE-EESTI	10.613861046113529
0.3132404148278891	5.807757467337935	7.714466787701479	ALBANIA	AL08		10.45909263702606
0.8971015854875722	7.766685661327955	5.2285834617409845	ICELAND	IS002		10.276667535454472
0.5636555676280661	4.635731490885471	4.738890430830045	BULGARIA	BG312	МОНТАНА	10.274714540723437
0.447643902347022	6.466230388994827	3.1112441841855043	ESTONIA	EE006	KESK-EESTI	10.179506195111955
0.3170294069039649	6.362823860811395	7.211842037812902	KOSOVO	XK7		10.17904204658069
0.1726601941720488	5.919452869130027	5.265647893197067	LITHUANIA	LT008	TELŠIŲ APSKRITIS	9.825434826204955
0.5812050829963387	4.390961083072768	4.485425162680111	BULGARIA	BG315	ЛОВЕЧ	9.575822654966457
0.1638538087432732	6.007596783592013	5.457467273919402	LITHUANIA	LT001	ALYTAUS APSKRITIS	9.334491564257728
0.15382190161909434	6.1747376146344894	5.72836584547286	LITHUANIA	LT004	MARIJAMPOLĖS APSKRITIS	9.298978945787015
0.17056199485448448	6.01933370583141	5.554830239778514	LITHUANIA	LT007	TAURAGĖS APSKRITIS	8.741747883991849
0.16266287319691103	6.039139779969728	5.473743589350628	LITHUANIA	LT009	UTENOS APSKRITIS	8.662075811984012
0.5383581691089817	4.281429723779171	4.475095533630275	BULGARIA	BG424	СМОЛЯН	8.400866992541062
0.28873121636422094	5.836930226166361	7.346309734021792	ALBANIA	AL09		8.373726370549498
0.5840727158408315	4.759636239757436	4.475754372274504	BULGARIA	BG322	ГАБРОВО	8.323439187639359
0.5447036008843784	4.692301141268073	3.907880271196543	BULGARIA	BG324	РАЗГРАД	8.167314959886466
0.6218746346721347	4.600909575861585	4.525418063157012	BULGARIA	BG325	СИЛИСТРА	7.419136308414515
0.7302887589224395	8.02458551552594	5.0659535442755095	FINLAND	FI1D4	KAINUU	7.25200295186687
0.5852540453785848	4.358465667308709	4.228018359797536	BULGARIA	BG334	ТЪРГОВИЩЕ	7.215491619330202
0.540130048679533	4.985350899737539	4.446218824877409	BULGARIA	BG343	ЯМБОЛ	7.06755191903491
0.5938703401671462	6.771286375233263	4.447267924125583	SLOVENIA	SI016		6.635667941158502
0.6224003366687012	6.865779768673601	4.572815958195346	SLOVENIA	SI013		6.326656570333174
0.5917707853978456	6.670090953797622	4.241768114128171	SLOVENIA	SI024		6.171913042955988
0.3192204325135147	5.698744404169014	7.019285454728885	ALBANIA	AL05		5.942481026516651
0.31042185581753345	5.765461711484919	7.3150263291828574	ALBANIA	AL07		5.854379029717892
0.7099638932196162	8.03310262418803	5.05807567159727	FINLAND	FI1D5	KESKI-POHJANMAA	5.846272622841634
0.5350344897346705	4.525192250124489	4.550276761162407	BULGARIA	BG311	ВИДИН	5.1624549875121515
0.8576808024767733	7.32583248447897	3.089469249997687	UNITED KINGDOM	99999		4.94077088847564
0.9115566650674715	7.896344913741222	3.542124271251819	SWEDEN	SE214	GOTLANDS LÄN	3.950921928350639
0.5948929658508748	6.848671268212003	4.555077679003407	SLOVENIA	SI018		3.77052673923836
0.6131825182346723	6.94053870543371	4.149703983062507	SLOVENIA	SI015		3.403028485670001
0.7570301821919064	8.01926597032212	4.568311224822359	FINLAND	FI200	ÅLAND	3.0267299149609928
